E:\Worlds\Worldbuilding System\scripts\linkify_world.py:197: FutureWarning: Possible nested set at position 5
  for match in re.finditer(pattern, processable, re.IGNORECASE):
[DRY RUN] Linkifying world: Eldermyr
World path: E:\Worlds\Worldbuilding System\Worlds\Eldermyr

Building entity index...
Indexed 53 entities with 233 names/aliases

[DRY RUN] Modified: Characters\Aleksei Karath.md (+13 links)
  'the Unnamed' -> [[The Unnamed|the Unnamed]]
  'Chernogrod' -> [[Chernogrod]]
  'The thing beneath' -> [[The Unnamed|The thing beneath]]
  'The Unnamed' -> [[The Unnamed]]
  'the Ashen Fields' -> [[The Ashen Fields|the Ashen Fields]]
  'the Figure' -> [[The Mad King|the Figure]]
  'the Reach' -> [[The Karath Reach|the Reach]]
  'The Unnamed' -> [[The Unnamed]]
  'the Figure' -> [[The Mad King|the Figure]]
  'House Karath' -> [[House Karath]]
  'the power' -> [[Magic of Eldermyr|the power]]
  'the Reach' -> [[The Karath Reach|the Reach]]
  'Lord Draven Karath' -> [[Lord Draven Karath]]

[DRY RUN] Modified: Characters\Archmagister Corwin Ashford.md (+25 links)
  'the Academy' -> [[The Arcane Academy|the Academy]]
  'the Mad King' -> [[The Mad King|the Mad King]]
  'The Academy' -> [[The Arcane Academy|The Academy]]
  'The Academy' -> [[The Arcane Academy|The Academy]]
  'The Mad King' -> [[The Mad King]]
  'Greymane' -> [[Grandmaster Aldric Greymane|Greymane]]
  'the Academy' -> [[The Arcane Academy|the Academy]]
  'The Faith' -> [[The Faith of the Three|The Faith]]
  'the Academy' -> [[The Arcane Academy|the Academy]]
  'The Faith' -> [[The Faith of the Three|The Faith]]
  'the Academy' -> [[The Arcane Academy|the Academy]]
  'the Academy' -> [[The Arcane Academy|the Academy]]
  'The Mad King' -> [[The Mad King]]
  'the Academy' -> [[The Arcane Academy|the Academy]]
  'the Mad King' -> [[The Mad King|the Mad King]]
  'The Mad King' -> [[The Mad King]]
  'the Faith' -> [[The Faith of the Three|the Faith]]
  'the Academy' -> [[The Arcane Academy|the Academy]]
  'the Academy' -> [[The Arcane Academy|the Academy]]
  'the Faith' -> [[The Faith of the Three|the Faith]]
  'the Academy' -> [[The Arcane Academy|the Academy]]
  'the Academy' -> [[The Arcane Academy|the Academy]]
  'The Academy' -> [[The Arcane Academy|The Academy]]
  'the Mad King' -> [[The Mad King|the Mad King]]
  'the Arcane Academy' -> [[The Arcane Academy|the Arcane Academy]]

[DRY RUN] Modified: Characters\Captain Alonzo the Bold.md (+14 links)
  'Edric Valdren' -> [[Edric Valdren]]
  'House Valdren' -> [[House Valdren]]
  'Marevento' -> [[Marevento]]
  'Marevento' -> [[Marevento]]
  'House Valdren' -> [[House Valdren]]
  'the coast' -> [[The Western Shore|the coast]]
  'Aldersgate' -> [[Aldersgate]]
  'the Reach' -> [[The Karath Reach|the Reach]]
  'the coast' -> [[The Western Shore|the coast]]
  'House Valdren' -> [[House Valdren]]
  'Aldersgate' -> [[Aldersgate]]
  'Marevento' -> [[Marevento]]
  'House Valdren' -> [[House Valdren]]
  'Marevento' -> [[Marevento]]

[DRY RUN] Modified: Characters\Edric Valdren.md (+16 links)
  'the Great War' -> [[The Great War|the Great War]]
  'House Karath' -> [[House Karath]]
  'House Thorne' -> [[House Thorne]]
  'the regent' -> [[Lord Varic Valdren|the regent]]
  'The Grey Wardens' -> [[The Grey Wardens]]
  'The Steward' -> [[High King Aldric II|The Steward]]
  'King Aldric' -> [[High King Aldric II|King Aldric]]
  'House Thorne' -> [[House Thorne]]
  'the Eastern March' -> [[The Eastern March|the Eastern March]]
  'the Great War' -> [[The Great War|the Great War]]
  'the Karath Reach' -> [[The Karath Reach|the Karath Reach]]
  'the Eastern March' -> [[The Eastern March|the Eastern March]]
  'Aldersgate' -> [[Aldersgate]]
  'King Aldric' -> [[High King Aldric II|King Aldric]]
  'the Faith' -> [[The Faith of the Three|the Faith]]
  'King Aldric' -> [[High King Aldric II|King Aldric]]

[DRY RUN] Modified: Characters\Grandmaster Aldric Greymane.md (+14 links)
  'the Wardens' -> [[The Grey Wardens|the Wardens]]
  'The Ashen Fields' -> [[The Ashen Fields]]
  'the Ashen Fields' -> [[The Ashen Fields|the Ashen Fields]]
  'The Wardens' -> [[The Grey Wardens|The Wardens]]
  'The Wardens' -> [[The Grey Wardens|The Wardens]]
  'The Unnamed' -> [[The Unnamed]]
  'the Great War' -> [[The Great War|the Great War]]
  'The Wardens' -> [[The Grey Wardens|The Wardens]]
  'the Ashen Fields' -> [[The Ashen Fields|the Ashen Fields]]
  'The Ashen Fields' -> [[The Ashen Fields]]
  'the Grey Wardens' -> [[The Grey Wardens|the Grey Wardens]]
  'The Grey Wardens' -> [[The Grey Wardens]]
  'the Ashen Fields' -> [[The Ashen Fields|the Ashen Fields]]
  'the Grey Wardens' -> [[The Grey Wardens|the Grey Wardens]]

[DRY RUN] Modified: Characters\Grimhild the Smith.md (+5 links)
  'the Iron Lady' -> [[Lady Margret Thorne|the Iron Lady]]
  'The March' -> [[The Eastern March|The March]]
  'Hammerhall' -> [[Hammerhall]]
  'the Eastern March' -> [[The Eastern March|the Eastern March]]
  'the Forgemasters Guild' -> [[The Forgemasters Guild|the Forgemasters Guild]]

[DRY RUN] Modified: Characters\High Confessor Maren.md (+42 links)
  'The Grey Wardens' -> [[The Grey Wardens]]
  'the Ashen Fields' -> [[The Ashen Fields|the Ashen Fields]]
  'the Three' -> [[The Faith of the Three|the Three]]
  'the Faith' -> [[The Faith of the Three|the Faith]]
  'The Faith' -> [[The Faith of the Three|The Faith]]
  'the Faith' -> [[The Faith of the Three|the Faith]]
  'the Three' -> [[The Faith of the Three|the Three]]
  'the Three' -> [[The Faith of the Three|the Three]]
  'Greymane' -> [[Grandmaster Aldric Greymane|Greymane]]
  'the Faith' -> [[The Faith of the Three|the Faith]]
  'the Three' -> [[The Faith of the Three|the Three]]
  'The Unnamed' -> [[The Unnamed]]
  'the Faith' -> [[The Faith of the Three|the Faith]]
  'the Faith' -> [[The Faith of the Three|the Faith]]
  'the Faith' -> [[The Faith of the Three|the Faith]]
  'the Three' -> [[The Faith of the Three|the Three]]
  'The Shepherd's Staff' -> [[The Shepherd's Crook|The Shepherd's Staff]]
  'the Faith' -> [[The Faith of the Three|the Faith]]
  'the Faith' -> [[The Faith of the Three|the Faith]]
  'Thornhall' -> [[Thornhall]]
  'the holy city' -> [[Thornhall|the holy city]]
  'The Three' -> [[The Faith of the Three|The Three]]
  'Thornhall' -> [[Thornhall]]
  'the Faith' -> [[The Faith of the Three|the Faith]]
  'the Three' -> [[The Faith of the Three|the Three]]
  'the Faith' -> [[The Faith of the Three|the Faith]]
  'The Three' -> [[The Faith of the Three|The Three]]
  'the Three' -> [[The Faith of the Three|the Three]]
  'the Faith' -> [[The Faith of the Three|the Faith]]
  'The Unnamed' -> [[The Unnamed]]
  'the Three' -> [[The Faith of the Three|the Three]]
  'the Faith' -> [[The Faith of the Three|the Faith]]
  'the Three' -> [[The Faith of the Three|the Three]]
  'the Faith' -> [[The Faith of the Three|the Faith]]
  'The Faith' -> [[The Faith of the Three|The Faith]]
  'The Three' -> [[The Faith of the Three|The Three]]
  'the Three' -> [[The Faith of the Three|the Three]]
  'the Shepherd's Staff' -> [[The Shepherd's Crook|the Shepherd's Staff]]
  'the Three' -> [[The Faith of the Three|the Three]]
  'the power' -> [[Magic of Eldermyr|the power]]
  'the Three' -> [[The Faith of the Three|the Three]]
  'the Faith of the Three' -> [[The Faith of the Three|the Faith of the Three]]

[DRY RUN] Modified: Characters\High King Aldric II.md (+15 links)
  'the Ashen Fields' -> [[The Ashen Fields|the Ashen Fields]]
  'the Iron Crown' -> [[The Iron Crown|the Iron Crown]]
  'The Iron Crown' -> [[The Iron Crown]]
  'High Confessor Maren' -> [[High Confessor Maren]]
  'the Karaths' -> [[House Karath|the Karaths]]
  'Lord Draven Karath' -> [[Lord Draven Karath]]
  'Lady Margret Thorne' -> [[Lady Margret Thorne]]
  'Edric Valdren' -> [[Edric Valdren]]
  'Edric Valdren' -> [[Edric Valdren]]
  'the Karath Reach' -> [[The Karath Reach|the Karath Reach]]
  'The Karaths' -> [[House Karath|The Karaths]]
  'the Ashen Fields' -> [[The Ashen Fields|the Ashen Fields]]
  'the Great War' -> [[The Great War|the Great War]]
  'the Battle of Ashen Fields' -> [[The Battle of Ashen Fields|the Battle of Ashen Fields]]
  'the Great War' -> [[The Great War|the Great War]]

[DRY RUN] Modified: Characters\Lady Margret Thorne.md (+26 links)
  'the March' -> [[The Eastern March|the March]]
  'House Karath' -> [[House Karath]]
  'the Northlands' -> [[The Northlands|the Northlands]]
  'the Ashen Fields' -> [[The Ashen Fields|the Ashen Fields]]
  'the Mad King' -> [[The Mad King|the Mad King]]
  'Stahlburg' -> [[Stahlburg]]
  'The March' -> [[The Eastern March|The March]]
  'the March' -> [[The Eastern March|the March]]
  'The Faith' -> [[The Faith of the Three|The Faith]]
  'the Great War' -> [[The Great War|the Great War]]
  'House Thorne' -> [[House Thorne]]
  'The Eastern March' -> [[The Eastern March]]
  'The Eastern March' -> [[The Eastern March]]
  'the Eastern March' -> [[The Eastern March|the Eastern March]]
  'House Thorne' -> [[House Thorne]]
  'the Mad King' -> [[The Mad King|the Mad King]]
  'Stahlburg' -> [[Stahlburg]]
  'The Great War' -> [[The Great War]]
  'the Great War' -> [[The Great War|the Great War]]
  'the Eastern March' -> [[The Eastern March|the Eastern March]]
  'the Eastern March' -> [[The Eastern March|the Eastern March]]
  'the power' -> [[Magic of Eldermyr|the power]]
  'Stahlburg' -> [[Stahlburg]]
  'Stahlburg' -> [[Stahlburg]]
  'the Great War' -> [[The Great War|the Great War]]
  'House Thorne' -> [[House Thorne]]

[DRY RUN] Modified: Characters\Lord Draven Karath.md (+61 links)
  'The Unnamed' -> [[The Unnamed]]
  'The Great War' -> [[The Great War]]
  'the Three' -> [[The Faith of the Three|the Three]]
  'The Unnamed' -> [[The Unnamed]]
  'The Unnamed' -> [[The Unnamed]]
  'The power' -> [[Magic of Eldermyr|The power]]
  'The Unnamed' -> [[The Unnamed]]
  'The Unnamed' -> [[The Unnamed]]
  'The Unnamed' -> [[The Unnamed]]
  'The Unnamed' -> [[The Unnamed]]
  'Chernogrod' -> [[Chernogrod]]
  'the Ashen Fields' -> [[The Ashen Fields|the Ashen Fields]]
  'the Grey Wardens' -> [[The Grey Wardens|the Grey Wardens]]
  'House Thorne' -> [[House Thorne]]
  'The Unnamed' -> [[The Unnamed]]
  'The Unnamed' -> [[The Unnamed]]
  'The Unnamed' -> [[The Unnamed]]
  'The Unnamed' -> [[The Unnamed]]
  'The Unnamed' -> [[The Unnamed]]
  'The Unnamed' -> [[The Unnamed]]
  'The Mad King' -> [[The Mad King]]
  'the Mad King' -> [[The Mad King|the Mad King]]
  'Aleksei Karath' -> [[Aleksei Karath]]
  'the Ashen Fields' -> [[The Ashen Fields|the Ashen Fields]]
  'The Unnamed' -> [[The Unnamed]]
  'House Karath' -> [[House Karath]]
  'the Ashen Fields' -> [[The Ashen Fields|the Ashen Fields]]
  'The Watcher's Eye' -> [[Yelena Karath|The Watcher's Eye]]
  'The Unnamed' -> [[The Unnamed]]
  'The Unnamed' -> [[The Unnamed]]
  'the Ashen Fields' -> [[The Ashen Fields|the Ashen Fields]]
  'Chernogrod' -> [[Chernogrod]]
  'The Unnamed' -> [[The Unnamed]]
  'The Unnamed' -> [[The Unnamed]]
  'The Unnamed' -> [[The Unnamed]]
  'The Unnamed' -> [[The Unnamed]]
  'House Karath' -> [[House Karath]]
  'the Great War' -> [[The Great War|the Great War]]
  'The Unnamed' -> [[The Unnamed]]
  'the Ashen Fields' -> [[The Ashen Fields|the Ashen Fields]]
  'House Karath' -> [[House Karath]]
  'the Mad King' -> [[The Mad King|the Mad King]]
  'The Unnamed' -> [[The Unnamed]]
  'The Unnamed' -> [[The Unnamed]]
  'The Unnamed' -> [[The Unnamed]]
  'the Ashen Fields' -> [[The Ashen Fields|the Ashen Fields]]
  'the Ashen Fields' -> [[The Ashen Fields|the Ashen Fields]]
  'the Ashen Fields' -> [[The Ashen Fields|the Ashen Fields]]
  'the Ashen Fields' -> [[The Ashen Fields|the Ashen Fields]]
  'The thing beneath' -> [[The Unnamed|The thing beneath]]
  'House Karath' -> [[House Karath]]
  'The Unnamed' -> [[The Unnamed]]
  'the power' -> [[Magic of Eldermyr|the power]]
  'House Karath' -> [[House Karath]]
  'the Faith' -> [[The Faith of the Three|the Faith]]
  'House Karath' -> [[House Karath]]
  'the power' -> [[Magic of Eldermyr|the power]]
  'House Karath' -> [[House Karath]]
  'the Great War' -> [[The Great War|the Great War]]
  'the Ashen Fields' -> [[The Ashen Fields|the Ashen Fields]]
  'the fallen House' -> [[House Karath|the fallen House]]

[DRY RUN] Modified: Characters\Lord Varic Valdren.md (+18 links)
  'The boy king' -> [[Edric Valdren|The boy king]]
  'the Valdrens' -> [[House Valdren|the Valdrens]]
  'House Karath' -> [[House Karath]]
  'House Thorne' -> [[House Thorne]]
  'the boy king' -> [[Edric Valdren|the boy king]]
  'the Faith' -> [[The Faith of the Three|the Faith]]
  'The Steward' -> [[High King Aldric II|The Steward]]
  'King Aldric' -> [[High King Aldric II|King Aldric]]
  'The boy king' -> [[Edric Valdren|The boy king]]
  'House Valdren' -> [[House Valdren]]
  'the Ashen Fields' -> [[The Ashen Fields|the Ashen Fields]]
  'King Aldric' -> [[High King Aldric II|King Aldric]]
  'House Karath' -> [[House Karath]]
  'House Thorne' -> [[House Thorne]]
  'King Aldric' -> [[High King Aldric II|King Aldric]]
  'the Great War' -> [[The Great War|the Great War]]
  'House Valdren' -> [[House Valdren]]
  'House Valdren' -> [[House Valdren]]

[DRY RUN] Modified: Characters\Ser Aldric Thorne.md (+8 links)
  'the March' -> [[The Eastern March|the March]]
  'the March' -> [[The Eastern March|the March]]
  'The Forgemasters' -> [[The Forgemasters Guild|The Forgemasters]]
  'The March' -> [[The Eastern March|The March]]
  'the March' -> [[The Eastern March|the March]]
  'the Great War' -> [[The Great War|the Great War]]
  'the Eastern March' -> [[The Eastern March|the Eastern March]]
  'Lady Margret Thorne' -> [[Lady Margret Thorne]]

[DRY RUN] Modified: Characters\Ser Konrad Thorne.md (+14 links)
  'the March' -> [[The Eastern March|the March]]
  'The March' -> [[The Eastern March|The March]]
  'the March' -> [[The Eastern March|the March]]
  'the March' -> [[The Eastern March|the March]]
  'the Forgemasters' -> [[The Forgemasters Guild|the Forgemasters]]
  'the March' -> [[The Eastern March|the March]]
  'the March' -> [[The Eastern March|the March]]
  'House Thorne' -> [[House Thorne]]
  'The Forgemasters' -> [[The Forgemasters Guild|The Forgemasters]]
  'Grimhild the Smith' -> [[Grimhild the Smith]]
  'the March' -> [[The Eastern March|the March]]
  'the Forgemasters Guild' -> [[The Forgemasters Guild|the Forgemasters Guild]]
  'the Eastern March' -> [[The Eastern March|the Eastern March]]
  'Lady Margret Thorne' -> [[Lady Margret Thorne]]

[DRY RUN] Modified: Characters\Ser Viktor Thorne.md (+8 links)
  'the Faith' -> [[The Faith of the Three|the Faith]]
  'the capital' -> [[Aldersgate|the capital]]
  'Aldersgate' -> [[Aldersgate]]
  'House Thorne' -> [[House Thorne]]
  'the March' -> [[The Eastern March|the March]]
  'House Thorne' -> [[House Thorne]]
  'the capital' -> [[Aldersgate|the capital]]
  'Lady Margret Thorne' -> [[Lady Margret Thorne]]

[DRY RUN] Modified: Characters\The Mad King.md (+17 links)
  'Chernogrod' -> [[Chernogrod]]
  'the Unnamed' -> [[The Unnamed|the Unnamed]]
  'the final battle' -> [[The Battle of Ashen Fields|the final battle]]
  'The Unnamed' -> [[The Unnamed]]
  'the Unnamed' -> [[The Unnamed|the Unnamed]]
  'The Unnamed' -> [[The Unnamed]]
  'Lord Draven Karath' -> [[Lord Draven Karath]]
  'the Ashen Fields' -> [[The Ashen Fields|the Ashen Fields]]
  'the Unnamed' -> [[The Unnamed|the Unnamed]]
  'the Blackened Crown' -> [[The Blackened Crown|the Blackened Crown]]
  'the Ashen Fields' -> [[The Ashen Fields|the Ashen Fields]]
  'The Unnamed' -> [[The Unnamed]]
  'the Battle of Ashen Fields' -> [[The Battle of Ashen Fields|the Battle of Ashen Fields]]
  'the Iron Crown' -> [[The Iron Crown|the Iron Crown]]
  'the Blackened Crown' -> [[The Blackened Crown|the Blackened Crown]]
  'the Battle of Ashen Fields' -> [[The Battle of Ashen Fields|the Battle of Ashen Fields]]
  'the Great War' -> [[The Great War|the Great War]]

[DRY RUN] Modified: Characters\Yelena Karath.md (+36 links)
  'the power' -> [[Magic of Eldermyr|the power]]
  'The Unnamed' -> [[The Unnamed]]
  'The Unnamed' -> [[The Unnamed]]
  'The Unnamed' -> [[The Unnamed]]
  'House Karath' -> [[House Karath]]
  'The Unnamed' -> [[The Unnamed]]
  'The Unnamed' -> [[The Unnamed]]
  'The Unnamed' -> [[The Unnamed]]
  'The Unnamed' -> [[The Unnamed]]
  'Aleksei Karath' -> [[Aleksei Karath]]
  'The Unnamed' -> [[The Unnamed]]
  'House Karath' -> [[House Karath]]
  'The Unnamed' -> [[The Unnamed]]
  'the Ashen Fields' -> [[The Ashen Fields|the Ashen Fields]]
  'The Unnamed' -> [[The Unnamed]]
  'the Ashen Fields' -> [[The Ashen Fields|the Ashen Fields]]
  'the Ashen Fields' -> [[The Ashen Fields|the Ashen Fields]]
  'The Unnamed' -> [[The Unnamed]]
  'The Unnamed' -> [[The Unnamed]]
  'The Unnamed' -> [[The Unnamed]]
  'The Mad King' -> [[The Mad King]]
  'House Karath' -> [[House Karath]]
  'The Unnamed' -> [[The Unnamed]]
  'The Unnamed' -> [[The Unnamed]]
  'The Unnamed' -> [[The Unnamed]]
  'The Unnamed' -> [[The Unnamed]]
  'House Karath' -> [[House Karath]]
  'House Karath' -> [[House Karath]]
  'The Unnamed' -> [[The Unnamed]]
  'The Unnamed' -> [[The Unnamed]]
  'House Karath' -> [[House Karath]]
  'The Unnamed' -> [[The Unnamed]]
  'House Karath' -> [[House Karath]]
  'the Ashen Fields' -> [[The Ashen Fields|the Ashen Fields]]
  'The Unnamed' -> [[The Unnamed]]
  'House Karath' -> [[House Karath]]

[DRY RUN] Modified: Concepts\Magic of Eldermyr.md (+20 links)
  'the Faith' -> [[The Faith of the Three|the Faith]]
  'the Three' -> [[The Faith of the Three|the Three]]
  'the Three' -> [[The Faith of the Three|the Three]]
  'The Faith' -> [[The Faith of the Three|The Faith]]
  'King Aldric' -> [[High King Aldric II|King Aldric]]
  'The Mad King' -> [[The Mad King]]
  'The Three' -> [[The Faith of the Three|The Three]]
  'the Mad King' -> [[The Mad King|the Mad King]]
  'the Great War' -> [[The Great War|the Great War]]
  'The Faith' -> [[The Faith of the Three|The Faith]]
  'the Three' -> [[The Faith of the Three|the Three]]
  'The Faith' -> [[The Faith of the Three|The Faith]]
  'the Mad King' -> [[The Mad King|the Mad King]]
  'the Three' -> [[The Faith of the Three|the Three]]
  'the Faith' -> [[The Faith of the Three|the Faith]]
  'the Three' -> [[The Faith of the Three|the Three]]
  'the Faith' -> [[The Faith of the Three|the Faith]]
  'The Mad King' -> [[The Mad King]]
  'the Three' -> [[The Faith of the Three|the Three]]
  'the Mad King' -> [[The Mad King|the Mad King]]

[DRY RUN] Modified: Concepts\The Faith of the Three.md (+12 links)
  'the Mad King' -> [[The Mad King|the Mad King]]
  'the Ashen Fields' -> [[The Ashen Fields|the Ashen Fields]]
  'the thing beneath' -> [[The Unnamed|the thing beneath]]
  'High Confessor Maren' -> [[High Confessor Maren]]
  'The Mad King' -> [[The Mad King]]
  'High Confessor Maren' -> [[High Confessor Maren]]
  'Thornhall' -> [[Thornhall]]
  'the Ashen Fields' -> [[The Ashen Fields|the Ashen Fields]]
  'The thing beneath' -> [[The Unnamed|The thing beneath]]
  'The Unnamed' -> [[The Unnamed]]
  'the Mad King' -> [[The Mad King|the Mad King]]
  'The thing beneath' -> [[The Unnamed|The thing beneath]]

[DRY RUN] Modified: Concepts\The Unnamed.md (+36 links)
  'the Ashen Fields' -> [[The Ashen Fields|the Ashen Fields]]
  'The Spirit-Speakers' -> [[The Spirit-Speakers]]
  'The power' -> [[Magic of Eldermyr|The power]]
  'Hammerhall' -> [[Hammerhall]]
  'the Ashen Fields' -> [[The Ashen Fields|the Ashen Fields]]
  'the Iron Crown' -> [[The Iron Crown|the Iron Crown]]
  'the Figure' -> [[The Mad King|the Figure]]
  'the Iron Crown' -> [[The Iron Crown|the Iron Crown]]
  'the Blackened Crown' -> [[The Blackened Crown|the Blackened Crown]]
  'the Blackened Crown' -> [[The Blackened Crown|the Blackened Crown]]
  'the Three' -> [[The Faith of the Three|the Three]]
  'Grimhild the Smith' -> [[Grimhild the Smith]]
  'Spirit-Speakers' -> [[The Spirit-Speakers|Spirit-Speakers]]
  'The Spirit-Speakers' -> [[The Spirit-Speakers]]
  'the Three' -> [[The Faith of the Three|the Three]]
  'High Confessor Maren' -> [[High Confessor Maren]]
  'Lord Draven Karath' -> [[Lord Draven Karath]]
  'the Mad King' -> [[The Mad King|the Mad King]]
  'the Figure' -> [[The Mad King|the Figure]]
  'The Figure' -> [[The Mad King|The Figure]]
  'the Ashen Fields' -> [[The Ashen Fields|the Ashen Fields]]
  'the Figure' -> [[The Mad King|the Figure]]
  'the Battle of Ashen Fields' -> [[The Battle of Ashen Fields|the Battle of Ashen Fields]]
  'Valdus Karath' -> [[The Mad King|Valdus Karath]]
  'The Mad King' -> [[The Mad King]]
  'The Great War' -> [[The Great War]]
  'The Faith of the Three' -> [[The Faith of the Three]]
  'The Faith' -> [[The Faith of the Three|The Faith]]
  'the Spirit-Speakers' -> [[The Spirit-Speakers|the Spirit-Speakers]]
  'the Great War' -> [[The Great War|the Great War]]
  'The Faith of the Three' -> [[The Faith of the Three]]
  'the Three' -> [[The Faith of the Three|the Three]]
  'the Great War' -> [[The Great War|the Great War]]
  'the Faith' -> [[The Faith of the Three|the Faith]]
  'the Ashen Fields' -> [[The Ashen Fields|the Ashen Fields]]
  'the Faith of the Three' -> [[The Faith of the Three|the Faith of the Three]]

[DRY RUN] Modified: Encounters\Audience with the Regent.md (+35 links)
  'The Regent' -> [[Lord Varic Valdren|The Regent]]
  'House Thorne' -> [[House Thorne]]
  'the Reach' -> [[The Karath Reach|the Reach]]
  'Porto Valdris' -> [[Porto Valdris]]
  'House Valdren' -> [[House Valdren]]
  'House Valdren' -> [[House Valdren]]
  'House Thorne' -> [[House Thorne]]
  'House Valdren' -> [[House Valdren]]
  'House Valdren' -> [[House Valdren]]
  'the Reach' -> [[The Karath Reach|the Reach]]
  'the Blackened Crown' -> [[The Blackened Crown|the Blackened Crown]]
  'House Thorne' -> [[House Thorne]]
  'House Valdren' -> [[House Valdren]]
  'young Edric' -> [[Edric Valdren|young Edric]]
  'the Blackened Crown' -> [[The Blackened Crown|the Blackened Crown]]
  'House Valdren' -> [[House Valdren]]
  'the Figure' -> [[The Mad King|the Figure]]
  'House Valdren' -> [[House Valdren]]
  'the capital' -> [[Aldersgate|the capital]]
  'the Regent' -> [[Lord Varic Valdren|the Regent]]
  'House Valdren' -> [[House Valdren]]
  'House Karath' -> [[House Karath]]
  'House Thorne' -> [[House Thorne]]
  'House Valdren' -> [[House Valdren]]
  'the Karath Reach' -> [[The Karath Reach|the Karath Reach]]
  'House Valdren' -> [[House Valdren]]
  'House Valdren' -> [[House Valdren]]
  'Lord Varic Valdren' -> [[Lord Varic Valdren]]
  'House Valdren' -> [[House Valdren]]
  'the capital' -> [[Aldersgate|the capital]]
  'Lord Varic Valdren' -> [[Lord Varic Valdren]]
  'the Regent' -> [[Lord Varic Valdren|the Regent]]
  'the Regent' -> [[Lord Varic Valdren|the Regent]]
  'Lord Varic Valdren' -> [[Lord Varic Valdren]]
  'the Regent' -> [[Lord Varic Valdren|the Regent]]

[DRY RUN] Modified: Encounters\The Ashen Patrol.md (+10 links)
  'Chernogrod' -> [[Chernogrod]]
  'the Ashen Fields' -> [[The Ashen Fields|the Ashen Fields]]
  'the Figure' -> [[The Mad King|the Figure]]
  'the Ashen Fields' -> [[The Ashen Fields|the Ashen Fields]]
  'the Battle of Ashen Fields' -> [[The Battle of Ashen Fields|the Battle of Ashen Fields]]
  'House Karath' -> [[House Karath]]
  'the Reach' -> [[The Karath Reach|the Reach]]
  'the Ashen Fields' -> [[The Ashen Fields|the Ashen Fields]]
  'the Great War' -> [[The Great War|the Great War]]
  'the Ashen Fields' -> [[The Ashen Fields|the Ashen Fields]]

[DRY RUN] Modified: Geography\The Ashen Fields.md (+39 links)
  'the Figure' -> [[The Mad King|the Figure]]
  'the Reach' -> [[The Karath Reach|the Reach]]
  'the Figure' -> [[The Mad King|the Figure]]
  'the Iron Crown' -> [[The Iron Crown|the Iron Crown]]
  'the Blackened Crown' -> [[The Blackened Crown|the Blackened Crown]]
  'the Mad King' -> [[The Mad King|the Mad King]]
  'the Great War' -> [[The Great War|the Great War]]
  'The Unnamed' -> [[The Unnamed]]
  'House Valdren' -> [[House Valdren]]
  'House Thorne' -> [[House Thorne]]
  'The Faith of the Three' -> [[The Faith of the Three]]
  'The Grey Wardens' -> [[The Grey Wardens]]
  'Lord Draven Karath' -> [[Lord Draven Karath]]
  'The Reach' -> [[The Karath Reach|The Reach]]
  'Chernogrod' -> [[Chernogrod]]
  'the Unnamed' -> [[The Unnamed|the Unnamed]]
  'the Blackened Crown' -> [[The Blackened Crown|the Blackened Crown]]
  'The Mad King' -> [[The Mad King]]
  'The Figure' -> [[The Mad King|The Figure]]
  'Lord Draven Karath' -> [[Lord Draven Karath]]
  'The Figure' -> [[The Mad King|The Figure]]
  'Valdus Karath' -> [[The Mad King|Valdus Karath]]
  'the Mad King' -> [[The Mad King|the Mad King]]
  'The Figure' -> [[The Mad King|The Figure]]
  'the Mad King' -> [[The Mad King|the Mad King]]
  'King Aldric' -> [[High King Aldric II|King Aldric]]
  'the Blackened Crown' -> [[The Blackened Crown|the Blackened Crown]]
  'the Mad King' -> [[The Mad King|the Mad King]]
  'the Reach' -> [[The Karath Reach|the Reach]]
  'Volkovka' -> [[Volkovka]]
  'the coast' -> [[The Western Shore|the coast]]
  'Chernogrod' -> [[Chernogrod]]
  'The Figure' -> [[The Mad King|The Figure]]
  'Chernogrod' -> [[Chernogrod]]
  'the Karath Reach' -> [[The Karath Reach|the Karath Reach]]
  'The Karath Reach' -> [[The Karath Reach]]
  'the Mad King' -> [[The Mad King|the Mad King]]
  'the Great War' -> [[The Great War|the Great War]]
  'the final battle' -> [[The Battle of Ashen Fields|the final battle]]

[DRY RUN] Modified: Geography\The Crown Lands.md (+79 links)
  'Crossford' -> [[Crossford]]
  'Edric Valdren' -> [[Edric Valdren]]
  'The Boy King' -> [[Edric Valdren|The Boy King]]
  'The Faith' -> [[The Faith of the Three|The Faith]]
  'Thornhall' -> [[Thornhall]]
  'the Three' -> [[The Faith of the Three|the Three]]
  'the Faith' -> [[The Faith of the Three|the Faith]]
  'Edric Valdren' -> [[Edric Valdren]]
  'Thornhall' -> [[Thornhall]]
  'the Faith' -> [[The Faith of the Three|the Faith]]
  'Thornhall' -> [[Thornhall]]
  'the Mad King' -> [[The Mad King|the Mad King]]
  'Thornhall' -> [[Thornhall]]
  'Aldersgate' -> [[Aldersgate]]
  'Greymane' -> [[Grandmaster Aldric Greymane|Greymane]]
  'Thornhall' -> [[Thornhall]]
  'the Faith' -> [[The Faith of the Three|the Faith]]
  'the Western Shore' -> [[The Western Shore|the Western Shore]]
  'Crossford' -> [[Crossford]]
  'the capital' -> [[Aldersgate|the capital]]
  'Aldersgate' -> [[Aldersgate]]
  'Aldersgate' -> [[Aldersgate]]
  'Thornhall' -> [[Thornhall]]
  'the Three' -> [[The Faith of the Three|the Three]]
  'the holy city' -> [[Thornhall|the holy city]]
  'Thornhall' -> [[Thornhall]]
  'Aldersgate' -> [[Aldersgate]]
  'The holy city' -> [[Thornhall|The holy city]]
  'The capital' -> [[Aldersgate|The capital]]
  'the Faith' -> [[The Faith of the Three|the Faith]]
  'Thornhall' -> [[Thornhall]]
  'the Karath Reach' -> [[The Karath Reach|the Karath Reach]]
  'the Great War' -> [[The Great War|the Great War]]
  'the north' -> [[The Northlands|the north]]
  'Lord Varic Valdren' -> [[Lord Varic Valdren]]
  'High King Aldric II' -> [[High King Aldric II]]
  'The Great War' -> [[The Great War]]
  'the Mad King' -> [[The Mad King|the Mad King]]
  'Aldersgate' -> [[Aldersgate]]
  'Aldersgate' -> [[Aldersgate]]
  'the Great War' -> [[The Great War|the Great War]]
  'Aldersgate' -> [[Aldersgate]]
  'The holy city' -> [[Thornhall|The holy city]]
  'the Faith' -> [[The Faith of the Three|the Faith]]
  'The Faith' -> [[The Faith of the Three|The Faith]]
  'Thornhall' -> [[Thornhall]]
  'Thornhall' -> [[Thornhall]]
  'Crossford' -> [[Crossford]]
  'Chernogrod' -> [[Chernogrod]]
  'Aldersgate' -> [[Aldersgate]]
  'the Western Shore' -> [[The Western Shore|the Western Shore]]
  'the Northlands' -> [[The Northlands|the Northlands]]
  'the Western Shore' -> [[The Western Shore|the Western Shore]]
  'the Eastern March' -> [[The Eastern March|the Eastern March]]
  'Aldersgate' -> [[Aldersgate]]
  'Thornhall' -> [[Thornhall]]
  'Aldersgate' -> [[Aldersgate]]
  'Crossford' -> [[Crossford]]
  'Aldersgate' -> [[Aldersgate]]
  'the Great War' -> [[The Great War|the Great War]]
  'The Karaths' -> [[House Karath|The Karaths]]
  'House Thorne' -> [[House Thorne]]
  'House Valdren' -> [[House Valdren]]
  'The Faith' -> [[The Faith of the Three|The Faith]]
  'Aldersgate' -> [[Aldersgate]]
  'the Faith' -> [[The Faith of the Three|the Faith]]
  'Lord Varic Valdren' -> [[Lord Varic Valdren]]
  'Aldersgate' -> [[Aldersgate]]
  'Aldersgate' -> [[Aldersgate]]
  'Eastern March' -> [[The Eastern March|Eastern March]]
  'Western Shore' -> [[The Western Shore|Western Shore]]
  'the holy city' -> [[Thornhall|the holy city]]
  'Thornhall' -> [[Thornhall]]
  'the Faith' -> [[The Faith of the Three|the Faith]]
  'Aldersgate' -> [[Aldersgate]]
  'Porto Valdris' -> [[Porto Valdris]]
  'Aldersgate' -> [[Aldersgate]]
  'the crossroads' -> [[Crossford|the crossroads]]
  'Aldersgate' -> [[Aldersgate]]

[DRY RUN] Modified: Geography\The Eastern March.md (+47 links)
  'Grimhild the Smith' -> [[Grimhild the Smith]]
  'Ser Viktor Thorne' -> [[Ser Viktor Thorne]]
  'Aldersgate' -> [[Aldersgate]]
  'The Thornes' -> [[House Thorne|The Thornes]]
  'The Thornes' -> [[House Thorne|The Thornes]]
  'the Great War' -> [[The Great War|the Great War]]
  'The Iron Lady' -> [[Lady Margret Thorne|The Iron Lady]]
  'Stahlburg' -> [[Stahlburg]]
  'Hammerhall' -> [[Hammerhall]]
  'Hammerhall' -> [[Hammerhall]]
  'Stahlburg' -> [[Stahlburg]]
  'Stahlburg' -> [[Stahlburg]]
  'Hammerhall' -> [[Hammerhall]]
  'The Iron Fortress' -> [[Stahlburg|The Iron Fortress]]
  'the Mad King' -> [[The Mad King|the Mad King]]
  'the Valdrens' -> [[House Valdren|the Valdrens]]
  'the Battle of Ashen Fields' -> [[The Battle of Ashen Fields|the Battle of Ashen Fields]]
  'the Mad King' -> [[The Mad King|the Mad King]]
  'the Great War' -> [[The Great War|the Great War]]
  'House Thorne' -> [[House Thorne]]
  'House Thorne' -> [[House Thorne]]
  'House Thorne' -> [[House Thorne]]
  'The Great War' -> [[The Great War]]
  'the Mad King' -> [[The Mad King|the Mad King]]
  'House Thorne' -> [[House Thorne]]
  'The Thornes' -> [[House Thorne|The Thornes]]
  'Stahlburg' -> [[Stahlburg]]
  'House Thorne' -> [[House Thorne]]
  'the Crown Lands' -> [[The Crown Lands|the Crown Lands]]
  'Stahlburg' -> [[Stahlburg]]
  'Western Shore' -> [[The Western Shore|Western Shore]]
  'Crown Lands' -> [[The Crown Lands|Crown Lands]]
  'Hammerhall' -> [[Hammerhall]]
  'Stahlburg' -> [[Stahlburg]]
  'House Thorne' -> [[House Thorne]]
  'House Thorne' -> [[House Thorne]]
  'Lady of Stahlburg' -> [[Lady Margret Thorne|Lady of Stahlburg]]
  'Crown Lands' -> [[The Crown Lands|Crown Lands]]
  'the Great War' -> [[The Great War|the Great War]]
  'Hammerhall' -> [[Hammerhall]]
  'Wolfsberg' -> [[Wolfsberg]]
  'Grimhold' -> [[Grimhold]]
  'House Thorne' -> [[House Thorne]]
  'Wolfsberg' -> [[Wolfsberg]]
  'the Thornes' -> [[House Thorne|the Thornes]]
  'House Thorne' -> [[House Thorne]]
  'House Thorne' -> [[House Thorne]]

[DRY RUN] Modified: Geography\The Karath Reach.md (+73 links)
  'Lady Karath' -> [[Yelena Karath|Lady Karath]]
  'the Mad King' -> [[The Mad King|the Mad King]]
  'the Ashen Fields' -> [[The Ashen Fields|the Ashen Fields]]
  'Lord Varic Valdren' -> [[Lord Varic Valdren]]
  'Aldersgate' -> [[Aldersgate]]
  'Crossford' -> [[Crossford]]
  'Lord Varic Valdren' -> [[Lord Varic Valdren]]
  'the figure' -> [[The Mad King|the figure]]
  'the Ashen Fields' -> [[The Ashen Fields|the Ashen Fields]]
  'The Mad King's crown' -> [[The Blackened Crown|The Mad King's crown]]
  'the Ashen Fields' -> [[The Ashen Fields|the Ashen Fields]]
  'The thing beneath' -> [[The Unnamed|The thing beneath]]
  'the Unnamed' -> [[The Unnamed|the Unnamed]]
  'Chernogrod' -> [[Chernogrod]]
  'Chernogrod' -> [[Chernogrod]]
  'the Crown Lands' -> [[The Crown Lands|the Crown Lands]]
  'Chernogrod' -> [[Chernogrod]]
  'Chernogrod' -> [[Chernogrod]]
  'Chernogrod' -> [[Chernogrod]]
  'The Ashen Fields' -> [[The Ashen Fields]]
  'The Black City' -> [[Chernogrod|The Black City]]
  'Chernogrod' -> [[Chernogrod]]
  'Pepelishte' -> [[The Ashen Fields|Pepelishte]]
  'The Unnamed' -> [[The Unnamed]]
  'the Great War' -> [[The Great War|the Great War]]
  'the Ashen Fields' -> [[The Ashen Fields|the Ashen Fields]]
  'the power' -> [[Magic of Eldermyr|the power]]
  'Lord Draven Karath' -> [[Lord Draven Karath]]
  'House Karath' -> [[House Karath]]
  'House Karath' -> [[House Karath]]
  'the Ashen Fields' -> [[The Ashen Fields|the Ashen Fields]]
  'House Karath' -> [[House Karath]]
  'the Mad King' -> [[The Mad King|the Mad King]]
  'the Mad King' -> [[The Mad King|the Mad King]]
  'The Great War' -> [[The Great War]]
  'the Mad King' -> [[The Mad King|the Mad King]]
  'the Mad King' -> [[The Mad King|the Mad King]]
  'the Karaths' -> [[House Karath|the Karaths]]
  'Chernogrod' -> [[Chernogrod]]
  'the Ashen Fields' -> [[The Ashen Fields|the Ashen Fields]]
  'Chernogrod' -> [[Chernogrod]]
  'the Three' -> [[The Faith of the Three|the Three]]
  'the Three' -> [[The Faith of the Three|the Three]]
  'The Faith' -> [[The Faith of the Three|The Faith]]
  'The Day of Ashes' -> [[The Battle of Ashen Fields|The Day of Ashes]]
  'the Karaths' -> [[House Karath|the Karaths]]
  'Chernogrod' -> [[Chernogrod]]
  'Crossford' -> [[Crossford]]
  'The coast' -> [[The Western Shore|The coast]]
  'Crown Lands' -> [[The Crown Lands|Crown Lands]]
  'the coast' -> [[The Western Shore|the coast]]
  'the Karaths' -> [[House Karath|the Karaths]]
  'The Karaths' -> [[House Karath|The Karaths]]
  'the Karaths' -> [[House Karath|the Karaths]]
  'House Karath' -> [[House Karath]]
  'the Great War' -> [[The Great War|the Great War]]
  'Lord Draven Karath' -> [[Lord Draven Karath]]
  'Crown Lands' -> [[The Crown Lands|Crown Lands]]
  'Chernogrod' -> [[Chernogrod]]
  'the Great War' -> [[The Great War|the Great War]]
  'Crossford' -> [[Crossford]]
  'Pepelishte' -> [[The Ashen Fields|Pepelishte]]
  'Volkovka' -> [[Volkovka]]
  'House Karath' -> [[House Karath]]
  'Chernogrod' -> [[Chernogrod]]
  'the Ashen Fields' -> [[The Ashen Fields|the Ashen Fields]]
  'Pepelishte' -> [[The Ashen Fields|Pepelishte]]
  'Chernogrod' -> [[Chernogrod]]
  'House Karath' -> [[House Karath]]
  'the Karaths' -> [[House Karath|the Karaths]]
  'the Battle of Ashen Fields' -> [[The Battle of Ashen Fields|the Battle of Ashen Fields]]
  'the Great War' -> [[The Great War|the Great War]]
  'House Karath' -> [[House Karath]]

[DRY RUN] Modified: Geography\The Northlands.md (+23 links)
  'the Ashen Fields' -> [[The Ashen Fields|the Ashen Fields]]
  'the Spirit-Speakers' -> [[The Spirit-Speakers|the Spirit-Speakers]]
  'the Faith' -> [[The Faith of the Three|the Faith]]
  'the Faith' -> [[The Faith of the Three|the Faith]]
  'the Faith' -> [[The Faith of the Three|the Faith]]
  'Spirit-Speakers' -> [[The Spirit-Speakers|Spirit-Speakers]]
  'the Great War' -> [[The Great War|the Great War]]
  'The Great War' -> [[The Great War]]
  'The Faith' -> [[The Faith of the Three|The Faith]]
  'the Faith' -> [[The Faith of the Three|the Faith]]
  'Spirit-Speakers' -> [[The Spirit-Speakers|Spirit-Speakers]]
  'Spirit-Speakers' -> [[The Spirit-Speakers|Spirit-Speakers]]
  'Aldersgate' -> [[Aldersgate]]
  'Western Shore' -> [[The Western Shore|Western Shore]]
  'Eastern March' -> [[The Eastern March|Eastern March]]
  'Crown Lands' -> [[The Crown Lands|Crown Lands]]
  'Eastern March' -> [[The Eastern March|Eastern March]]
  'Crown Lands' -> [[The Crown Lands|Crown Lands]]
  'the Faith' -> [[The Faith of the Three|the Faith]]
  'Spirit-Speakers' -> [[The Spirit-Speakers|Spirit-Speakers]]
  'Spirit-Speakers' -> [[The Spirit-Speakers|Spirit-Speakers]]
  'The Faith of the Three' -> [[The Faith of the Three]]
  'the Faith' -> [[The Faith of the Three|the Faith]]

[DRY RUN] Modified: Geography\The Western Shore.md (+50 links)
  'Porto Valdris' -> [[Porto Valdris]]
  'The Boy King' -> [[Edric Valdren|The Boy King]]
  'House Valdren' -> [[House Valdren]]
  'House Valdren' -> [[House Valdren]]
  'the Three' -> [[The Faith of the Three|the Three]]
  'the Faith' -> [[The Faith of the Three|the Faith]]
  'Lady Margret Thorne' -> [[Lady Margret Thorne]]
  'The Valdrens' -> [[House Valdren|The Valdrens]]
  'Captain Alonzo the Bold' -> [[Captain Alonzo the Bold]]
  'Porto Valdris' -> [[Porto Valdris]]
  'Marevento' -> [[Marevento]]
  'Porto Valdris' -> [[Porto Valdris]]
  'Porto Valdris' -> [[Porto Valdris]]
  'The golden city' -> [[Porto Valdris|The golden city]]
  'the Thornes' -> [[House Thorne|the Thornes]]
  'the Valdrens' -> [[House Valdren|the Valdrens]]
  'the Mad King' -> [[The Mad King|the Mad King]]
  'the Great War' -> [[The Great War|the Great War]]
  'House Valdren' -> [[House Valdren]]
  'House Valdren' -> [[House Valdren]]
  'The Great War' -> [[The Great War]]
  'House Valdren' -> [[House Valdren]]
  'House Valdren' -> [[House Valdren]]
  'the Crown Lands' -> [[The Crown Lands|the Crown Lands]]
  'Porto Valdris' -> [[Porto Valdris]]
  'The art' -> [[Magic of Eldermyr|The art]]
  'the capital' -> [[Aldersgate|the capital]]
  'the Crown Lands' -> [[The Crown Lands|the Crown Lands]]
  'Porto Valdris' -> [[Porto Valdris]]
  'the Northlands' -> [[The Northlands|the Northlands]]
  'the Crown Lands' -> [[The Crown Lands|the Crown Lands]]
  'the Eastern March' -> [[The Eastern March|the Eastern March]]
  'Marevento' -> [[Marevento]]
  'Marevento' -> [[Marevento]]
  'Porto Valdris' -> [[Porto Valdris]]
  'the Valdrens' -> [[House Valdren|the Valdrens]]
  'The Karaths' -> [[House Karath|The Karaths]]
  'House Thorne' -> [[House Thorne]]
  'The Valdrens' -> [[House Valdren|The Valdrens]]
  'House Valdren' -> [[House Valdren]]
  'Crown Lands' -> [[The Crown Lands|Crown Lands]]
  'Porto Valdris' -> [[Porto Valdris]]
  'Serenzia' -> [[Serenzia]]
  'Marevento' -> [[Marevento]]
  'House Valdren' -> [[House Valdren]]
  'Porto Valdris' -> [[Porto Valdris]]
  'the Crown Lands' -> [[The Crown Lands|the Crown Lands]]
  'the Crown Lands' -> [[The Crown Lands|the Crown Lands]]
  'House Valdren' -> [[House Valdren]]
  'House Valdren' -> [[House Valdren]]

[DRY RUN] Modified: History\The Battle of Ashen Fields.md (+25 links)
  'High Confessor Maren' -> [[High Confessor Maren]]
  'the Faith' -> [[The Faith of the Three|the Faith]]
  'the Ashen Fields' -> [[The Ashen Fields|the Ashen Fields]]
  'The Blackened Crown' -> [[The Blackened Crown]]
  'The Unnamed' -> [[The Unnamed]]
  'the Mad King' -> [[The Mad King|the Mad King]]
  'The Figure' -> [[The Mad King|The Figure]]
  'the Ashen Fields' -> [[The Ashen Fields|the Ashen Fields]]
  'the Unnamed' -> [[The Unnamed|the Unnamed]]
  'Lord Draven Karath' -> [[Lord Draven Karath]]
  'Valdus Karath' -> [[The Mad King|Valdus Karath]]
  'The Mad King' -> [[The Mad King]]
  'The Blackened Crown' -> [[The Blackened Crown]]
  'the Mad King' -> [[The Mad King|the Mad King]]
  'Thornbane' -> [[Thornbane]]
  'the power' -> [[Magic of Eldermyr|the power]]
  'the Blackened Crown' -> [[The Blackened Crown|the Blackened Crown]]
  'The Mad King' -> [[The Mad King]]
  'the Faith' -> [[The Faith of the Three|the Faith]]
  'Chernogrod' -> [[Chernogrod]]
  'Valdus Karath' -> [[The Mad King|Valdus Karath]]
  'The Mad King's crown' -> [[The Blackened Crown|The Mad King's crown]]
  'Valdus Karath' -> [[The Mad King|Valdus Karath]]
  'the Mad King' -> [[The Mad King|the Mad King]]
  'the Great War' -> [[The Great War|the Great War]]

[DRY RUN] Modified: History\The Great War.md (+36 links)
  'the Blackened Crown' -> [[The Blackened Crown|the Blackened Crown]]
  'the Mad King' -> [[The Mad King|the Mad King]]
  'the Ashen Fields' -> [[The Ashen Fields|the Ashen Fields]]
  'the Unnamed' -> [[The Unnamed|the Unnamed]]
  'House Valdren' -> [[House Valdren]]
  'The Faith' -> [[The Faith of the Three|The Faith]]
  'the Ashen Fields' -> [[The Ashen Fields|the Ashen Fields]]
  'the Ashen Fields' -> [[The Ashen Fields|the Ashen Fields]]
  'The Karath Reach' -> [[The Karath Reach]]
  'House Thorne' -> [[House Thorne]]
  'House Karath' -> [[House Karath]]
  'the Ashen Fields' -> [[The Ashen Fields|the Ashen Fields]]
  'The Battle of Ashen Fields' -> [[The Battle of Ashen Fields]]
  'Porto Valdris' -> [[Porto Valdris]]
  'House Thorne' -> [[House Thorne]]
  'Stahlburg' -> [[Stahlburg]]
  'The Battle of Ashen Fields' -> [[The Battle of Ashen Fields]]
  'the Ashen Fields' -> [[The Ashen Fields|the Ashen Fields]]
  'the Karath Reach' -> [[The Karath Reach|the Karath Reach]]
  'The Karath Reach' -> [[The Karath Reach]]
  'the Eastern March' -> [[The Eastern March|the Eastern March]]
  'The Faith' -> [[The Faith of the Three|The Faith]]
  'House Valdren' -> [[House Valdren]]
  'House Thorne' -> [[House Thorne]]
  'the capital' -> [[Aldersgate|the capital]]
  'The Mad King' -> [[The Mad King]]
  'House Karath' -> [[House Karath]]
  'The Faith' -> [[The Faith of the Three|The Faith]]
  'House Valdren' -> [[House Valdren]]
  'House Thorne' -> [[House Thorne]]
  'Valdus Karath' -> [[The Mad King|Valdus Karath]]
  'The Mad King' -> [[The Mad King]]
  'the Karath Reach' -> [[The Karath Reach|the Karath Reach]]
  'the Battle of Ashen Fields' -> [[The Battle of Ashen Fields|the Battle of Ashen Fields]]
  'Valdus Karath' -> [[The Mad King|Valdus Karath]]
  'the Mad King' -> [[The Mad King|the Mad King]]

[DRY RUN] Modified: Items\Grimhild's Commission.md (+14 links)
  'Hammerhall' -> [[Hammerhall]]
  'Hammerhall' -> [[Hammerhall]]
  'House Thorne' -> [[House Thorne]]
  'the Forgemasters Guild' -> [[The Forgemasters Guild|the Forgemasters Guild]]
  'Hammerhall' -> [[Hammerhall]]
  'Grimhild the Smith' -> [[Grimhild the Smith]]
  'the March' -> [[The Eastern March|the March]]
  'Thornhall' -> [[Thornhall]]
  'the Ashen Fields' -> [[The Ashen Fields|the Ashen Fields]]
  'The Blackened Crown' -> [[The Blackened Crown]]
  'the Blackened Crown' -> [[The Blackened Crown|the Blackened Crown]]
  'the Blackened Crown' -> [[The Blackened Crown|the Blackened Crown]]
  'Grimhild the Smith' -> [[Grimhild the Smith]]
  'Hammerhall' -> [[Hammerhall]]

[DRY RUN] Modified: Items\The Blackened Crown.md (+55 links)
  'the Iron Crown' -> [[The Iron Crown|the Iron Crown]]
  'the Ashen Fields' -> [[The Ashen Fields|the Ashen Fields]]
  'the Ashen Fields' -> [[The Ashen Fields|the Ashen Fields]]
  'Yelena Karath' -> [[Yelena Karath]]
  'the Iron Crown' -> [[The Iron Crown|the Iron Crown]]
  'Valdus Karath' -> [[The Mad King|Valdus Karath]]
  'The Figure' -> [[The Mad King|The Figure]]
  'the Reach' -> [[The Karath Reach|the Reach]]
  'The Faith' -> [[The Faith of the Three|The Faith]]
  'The Figure' -> [[The Mad King|The Figure]]
  'the Figure' -> [[The Mad King|the Figure]]
  'the Ashen Fields' -> [[The Ashen Fields|the Ashen Fields]]
  'The Mad King' -> [[The Mad King]]
  'the Reach' -> [[The Karath Reach|the Reach]]
  'House Karath' -> [[House Karath]]
  'the Mad King' -> [[The Mad King|the Mad King]]
  'the Ashen Fields' -> [[The Ashen Fields|the Ashen Fields]]
  'the Faith' -> [[The Faith of the Three|the Faith]]
  'the Iron Crown' -> [[The Iron Crown|the Iron Crown]]
  'Lord Draven Karath' -> [[Lord Draven Karath]]
  'the Battle of Ashen Fields' -> [[The Battle of Ashen Fields|the Battle of Ashen Fields]]
  'the final battle' -> [[The Battle of Ashen Fields|the final battle]]
  'The Great War' -> [[The Great War]]
  'The Figure' -> [[The Mad King|The Figure]]
  'Valdus Karath' -> [[The Mad King|Valdus Karath]]
  'the Battle of Ashen Fields' -> [[The Battle of Ashen Fields|the Battle of Ashen Fields]]
  'Valdus Karath' -> [[The Mad King|Valdus Karath]]
  'Chernogrod' -> [[Chernogrod]]
  'Valdus Karath' -> [[The Mad King|Valdus Karath]]
  'the Mad King' -> [[The Mad King|the Mad King]]
  'the Battle of Ashen Fields' -> [[The Battle of Ashen Fields|the Battle of Ashen Fields]]
  'Valdus Karath' -> [[The Mad King|Valdus Karath]]
  'the Karath Reach' -> [[The Karath Reach|the Karath Reach]]
  'the Iron Crown' -> [[The Iron Crown|the Iron Crown]]
  'the Iron Crown' -> [[The Iron Crown|the Iron Crown]]
  'Valdus Karath' -> [[The Mad King|Valdus Karath]]
  'the Iron Crown' -> [[The Iron Crown|the Iron Crown]]
  'the Mad King' -> [[The Mad King|the Mad King]]
  'the Ashen Fields' -> [[The Ashen Fields|the Ashen Fields]]
  'Valdus Karath' -> [[The Mad King|Valdus Karath]]
  'the Mad King' -> [[The Mad King|the Mad King]]
  'the Mad King' -> [[The Mad King|the Mad King]]
  'The Mad King' -> [[The Mad King]]
  'the Mad King' -> [[The Mad King|the Mad King]]
  'the Battle of Ashen Fields' -> [[The Battle of Ashen Fields|the Battle of Ashen Fields]]
  'the Iron Crown' -> [[The Iron Crown|the Iron Crown]]
  'the Iron Crown' -> [[The Iron Crown|the Iron Crown]]
  'the Mad King' -> [[The Mad King|the Mad King]]
  'Lord Draven Karath' -> [[Lord Draven Karath]]
  'the Battle of Ashen Fields' -> [[The Battle of Ashen Fields|the Battle of Ashen Fields]]
  'the Mad King' -> [[The Mad King|the Mad King]]
  'the Iron Crown' -> [[The Iron Crown|the Iron Crown]]
  'Valdus Karath' -> [[The Mad King|Valdus Karath]]
  'the Iron Crown' -> [[The Iron Crown|the Iron Crown]]
  'the Mad King' -> [[The Mad King|the Mad King]]

[DRY RUN] Modified: Items\The Iron Crown.md (+33 links)
  'The Mad King' -> [[The Mad King]]
  'the Ashen Fields' -> [[The Ashen Fields|the Ashen Fields]]
  'The Mad King' -> [[The Mad King]]
  'The Faith' -> [[The Faith of the Three|The Faith]]
  'the Karaths' -> [[House Karath|the Karaths]]
  'The Faith' -> [[The Faith of the Three|The Faith]]
  'The Eastern March' -> [[The Eastern March]]
  'Lord Varic Valdren' -> [[Lord Varic Valdren]]
  'the Faith' -> [[The Faith of the Three|the Faith]]
  'Aldersgate' -> [[Aldersgate]]
  'The Mad King' -> [[The Mad King]]
  'The Faith of the Three' -> [[The Faith of the Three]]
  'High Confessor Maren' -> [[High Confessor Maren]]
  'Lord Draven Karath' -> [[Lord Draven Karath]]
  'Lady Margret Thorne' -> [[Lady Margret Thorne]]
  'Edric Valdren' -> [[Edric Valdren]]
  'House Thorne' -> [[House Thorne]]
  'the Mad King' -> [[The Mad King|the Mad King]]
  'The Great War' -> [[The Great War]]
  'The Mad King' -> [[The Mad King]]
  'the Great War' -> [[The Great War|the Great War]]
  'The Steward' -> [[High King Aldric II|The Steward]]
  'the Mad King' -> [[The Mad King|the Mad King]]
  'Valdus Karath' -> [[The Mad King|Valdus Karath]]
  'King Aldric' -> [[High King Aldric II|King Aldric]]
  'Lord Draven Karath' -> [[Lord Draven Karath]]
  'Valdus Karath' -> [[The Mad King|Valdus Karath]]
  'The Mad King' -> [[The Mad King]]
  'the capital' -> [[Aldersgate|the capital]]
  'the Faith of the Three' -> [[The Faith of the Three|the Faith of the Three]]
  'The three' -> [[The Faith of the Three|The three]]
  'the Faith of the Three' -> [[The Faith of the Three|the Faith of the Three]]
  'High King Aldric II' -> [[High King Aldric II]]

[DRY RUN] Modified: Items\The Shepherd's Crook.md (+49 links)
  'High Confessor Maren' -> [[High Confessor Maren]]
  'the Faith' -> [[The Faith of the Three|the Faith]]
  'the Three' -> [[The Faith of the Three|the Three]]
  'the Reach' -> [[The Karath Reach|the Reach]]
  'Thornhall' -> [[Thornhall]]
  'the Mad King' -> [[The Mad King|the Mad King]]
  'The Faith of the Three' -> [[The Faith of the Three]]
  'the Faith' -> [[The Faith of the Three|the Faith]]
  'the final battle' -> [[The Battle of Ashen Fields|the final battle]]
  'the Faith' -> [[The Faith of the Three|the Faith]]
  'the Faith' -> [[The Faith of the Three|the Faith]]
  'the Mad King' -> [[The Mad King|the Mad King]]
  'The Great War' -> [[The Great War]]
  'High Confessor Maren' -> [[High Confessor Maren]]
  'the Great War' -> [[The Great War|the Great War]]
  'Thornhall' -> [[Thornhall]]
  'the Faith' -> [[The Faith of the Three|the Faith]]
  'Thornhall' -> [[Thornhall]]
  'the Three' -> [[The Faith of the Three|the Three]]
  'Thornhall' -> [[Thornhall]]
  'the Three' -> [[The Faith of the Three|the Three]]
  'the Faith' -> [[The Faith of the Three|the Faith]]
  'the Ashen Fields' -> [[The Ashen Fields|the Ashen Fields]]
  'The thing beneath' -> [[The Unnamed|The thing beneath]]
  'House Karath' -> [[House Karath]]
  'The Mad King' -> [[The Mad King]]
  'the Three' -> [[The Faith of the Three|the Three]]
  'The Faith' -> [[The Faith of the Three|The Faith]]
  'the Unnamed' -> [[The Unnamed|the Unnamed]]
  'the Faith of the Three' -> [[The Faith of the Three|the Faith of the Three]]
  'the faith' -> [[The Faith of the Three|the faith]]
  'the Faith' -> [[The Faith of the Three|the Faith]]
  'the Three' -> [[The Faith of the Three|the Three]]
  'the Three' -> [[The Faith of the Three|the Three]]
  'the Three' -> [[The Faith of the Three|the Three]]
  'the Three' -> [[The Faith of the Three|the Three]]
  'the Faith' -> [[The Faith of the Three|the Faith]]
  'the voice of the Three' -> [[High Confessor Maren|the voice of the Three]]
  'the Three' -> [[The Faith of the Three|the Three]]
  'the Faith' -> [[The Faith of the Three|the Faith]]
  'the Faith of the Three' -> [[The Faith of the Three|the Faith of the Three]]
  'the Three' -> [[The Faith of the Three|the Three]]
  'The Three' -> [[The Faith of the Three|The Three]]
  'the Faith' -> [[The Faith of the Three|the Faith]]
  'the Faith' -> [[The Faith of the Three|the Faith]]
  'High Confessor Maren' -> [[High Confessor Maren]]
  'the Faith' -> [[The Faith of the Three|the Faith]]
  'the Three' -> [[The Faith of the Three|the Three]]
  'the Faith of the Three' -> [[The Faith of the Three|the Faith of the Three]]

[DRY RUN] Modified: Items\Thornbane.md (+27 links)
  'Lord Varic Valdren' -> [[Lord Varic Valdren]]
  'House Thorne' -> [[House Thorne]]
  'Eastern March' -> [[The Eastern March|Eastern March]]
  'Lady Margret Thorne' -> [[Lady Margret Thorne]]
  'Stahlburg' -> [[Stahlburg]]
  'the Eastern March' -> [[The Eastern March|the Eastern March]]
  'the March' -> [[The Eastern March|the March]]
  'the Eastern March' -> [[The Eastern March|the Eastern March]]
  'House Thorne' -> [[House Thorne]]
  'the March' -> [[The Eastern March|the March]]
  'Stahlburg' -> [[Stahlburg]]
  'Lady Margret Thorne' -> [[Lady Margret Thorne]]
  'House Thorne' -> [[House Thorne]]
  'the March' -> [[The Eastern March|the March]]
  'Lady Margret Thorne' -> [[Lady Margret Thorne]]
  'the Battle of Ashen Fields' -> [[The Battle of Ashen Fields|the Battle of Ashen Fields]]
  'the Great War' -> [[The Great War|the Great War]]
  'the Eastern March' -> [[The Eastern March|the Eastern March]]
  'the Battle of Ashen Fields' -> [[The Battle of Ashen Fields|the Battle of Ashen Fields]]
  'Eastern March' -> [[The Eastern March|Eastern March]]
  'the March' -> [[The Eastern March|the March]]
  'House Thorne' -> [[House Thorne]]
  'House Thorne' -> [[House Thorne]]
  'the March' -> [[The Eastern March|the March]]
  'Lady of Stahlburg' -> [[Lady Margret Thorne|Lady of Stahlburg]]
  'the Eastern March' -> [[The Eastern March|the Eastern March]]
  'House Thorne' -> [[House Thorne]]

[DRY RUN] Modified: Organizations\House Karath.md (+70 links)
  'the Mad King' -> [[The Mad King|the Mad King]]
  'The Mad King' -> [[The Mad King]]
  'Pepelishte' -> [[The Ashen Fields|Pepelishte]]
  'the Ashen Fields' -> [[The Ashen Fields|the Ashen Fields]]
  'The Unnamed' -> [[The Unnamed]]
  'the Ashen Fields' -> [[The Ashen Fields|the Ashen Fields]]
  'The Mad King' -> [[The Mad King]]
  'the Three' -> [[The Faith of the Three|the Three]]
  'the power' -> [[Magic of Eldermyr|the power]]
  'the Ashen Fields' -> [[The Ashen Fields|the Ashen Fields]]
  'The Unnamed' -> [[The Unnamed]]
  'the Ashen Fields' -> [[The Ashen Fields|the Ashen Fields]]
  'Aleksei Karath' -> [[Aleksei Karath]]
  'The Unnamed' -> [[The Unnamed]]
  'Pepelishte' -> [[The Ashen Fields|Pepelishte]]
  'Yelena Karath' -> [[Yelena Karath]]
  'the Ashen Fields' -> [[The Ashen Fields|the Ashen Fields]]
  'the Mad King' -> [[The Mad King|the Mad King]]
  'the Karath Reach' -> [[The Karath Reach|the Karath Reach]]
  'Lord Draven Karath' -> [[Lord Draven Karath]]
  'Pepelishte' -> [[The Ashen Fields|Pepelishte]]
  'the Three' -> [[The Faith of the Three|the Three]]
  'the Ashen Fields' -> [[The Ashen Fields|the Ashen Fields]]
  'The final battle' -> [[The Battle of Ashen Fields|The final battle]]
  'The Mad King' -> [[The Mad King]]
  'The March' -> [[The Eastern March|The March]]
  'the Mad King' -> [[The Mad King|the Mad King]]
  'The Great War' -> [[The Great War]]
  'the Mad King' -> [[The Mad King|the Mad King]]
  'the Faith' -> [[The Faith of the Three|the Faith]]
  'the Three' -> [[The Faith of the Three|the Three]]
  'the Three' -> [[The Faith of the Three|the Three]]
  'the Black City' -> [[Chernogrod|the Black City]]
  'Chernogrod' -> [[Chernogrod]]
  'The Ashen Fields' -> [[The Ashen Fields]]
  'the Mad King' -> [[The Mad King|the Mad King]]
  'the Ashen Fields' -> [[The Ashen Fields|the Ashen Fields]]
  'the Ashen Fields' -> [[The Ashen Fields|the Ashen Fields]]
  'Yelena Karath' -> [[Yelena Karath]]
  'Aleksei Karath' -> [[Aleksei Karath]]
  'Lord Draven Karath' -> [[Lord Draven Karath]]
  'the Ashen Fields' -> [[The Ashen Fields|the Ashen Fields]]
  'the Ashen Fields' -> [[The Ashen Fields|the Ashen Fields]]
  'Pepelishte' -> [[The Ashen Fields|Pepelishte]]
  'the Great War' -> [[The Great War|the Great War]]
  'the Ashen Fields' -> [[The Ashen Fields|the Ashen Fields]]
  'the Ashen Fields' -> [[The Ashen Fields|the Ashen Fields]]
  'the Ashen Fields' -> [[The Ashen Fields|the Ashen Fields]]
  'the Ashen Fields' -> [[The Ashen Fields|the Ashen Fields]]
  'the Ashen Fields' -> [[The Ashen Fields|the Ashen Fields]]
  'Yelena Karath' -> [[Yelena Karath]]
  'Lord Draven Karath' -> [[Lord Draven Karath]]
  'the Karath Reach' -> [[The Karath Reach|the Karath Reach]]
  'Pepelishte' -> [[The Ashen Fields|Pepelishte]]
  'The Ashen Fields' -> [[The Ashen Fields]]
  'Wolf-town' -> [[Volkovka|Wolf-town]]
  'Volkovka' -> [[Volkovka]]
  'Chernogrod' -> [[Chernogrod]]
  'The Black City' -> [[Chernogrod|The Black City]]
  'The Crown Lands' -> [[The Crown Lands]]
  'House Thorne' -> [[House Thorne]]
  'The Eastern March' -> [[The Eastern March]]
  'the capital' -> [[Aldersgate|the capital]]
  'The Crown Lands' -> [[The Crown Lands]]
  'Pepelishte' -> [[The Ashen Fields|Pepelishte]]
  'the Ashen Fields' -> [[The Ashen Fields|the Ashen Fields]]
  'The Great War' -> [[The Great War]]
  'the Mad King' -> [[The Mad King|the Mad King]]
  'the Ashen Fields' -> [[The Ashen Fields|the Ashen Fields]]
  'the Great War' -> [[The Great War|the Great War]]

[DRY RUN] Modified: Organizations\House Thorne.md (+56 links)
  'Aldersgate' -> [[Aldersgate]]
  'the Great War' -> [[The Great War|the Great War]]
  'Ser Viktor Thorne' -> [[Ser Viktor Thorne]]
  'the March' -> [[The Eastern March|the March]]
  'Ser Konrad Thorne' -> [[Ser Konrad Thorne]]
  'the March' -> [[The Eastern March|the March]]
  'Ser Aldric Thorne' -> [[Ser Aldric Thorne]]
  'the Eastern March' -> [[The Eastern March|the Eastern March]]
  'Lady Margret Thorne' -> [[Lady Margret Thorne]]
  'the Valdrens' -> [[House Valdren|the Valdrens]]
  'the final battle' -> [[The Battle of Ashen Fields|the final battle]]
  'Stahlburg' -> [[Stahlburg]]
  'the Mad King' -> [[The Mad King|the Mad King]]
  'The Great War' -> [[The Great War]]
  'the March' -> [[The Eastern March|the March]]
  'the Eastern March' -> [[The Eastern March|the Eastern March]]
  'the Iron Fortress' -> [[Stahlburg|the Iron Fortress]]
  'Stahlburg' -> [[Stahlburg]]
  'Grimhold' -> [[Grimhold]]
  'Grimhild the Smith' -> [[Grimhild the Smith]]
  'Ser Viktor Thorne' -> [[Ser Viktor Thorne]]
  'Ser Konrad Thorne' -> [[Ser Konrad Thorne]]
  'the March' -> [[The Eastern March|the March]]
  'Ser Aldric Thorne' -> [[Ser Aldric Thorne]]
  'Lady Margret Thorne' -> [[Lady Margret Thorne]]
  'the regent' -> [[Lord Varic Valdren|the regent]]
  'Thorne lands' -> [[The Eastern March|Thorne lands]]
  'The March' -> [[The Eastern March|The March]]
  'Crown Lands' -> [[The Crown Lands|Crown Lands]]
  'the March' -> [[The Eastern March|the March]]
  'The March' -> [[The Eastern March|The March]]
  'Grimhild the Smith' -> [[Grimhild the Smith]]
  'Ser Viktor Thorne' -> [[Ser Viktor Thorne]]
  'Ser Konrad Thorne' -> [[Ser Konrad Thorne]]
  'Ser Aldric Thorne' -> [[Ser Aldric Thorne]]
  'the March' -> [[The Eastern March|the March]]
  'Lady Margret Thorne' -> [[Lady Margret Thorne]]
  'the March' -> [[The Eastern March|the March]]
  'Lady of Stahlburg' -> [[Lady Margret Thorne|Lady of Stahlburg]]
  'the Eastern March' -> [[The Eastern March|the Eastern March]]
  'Hammerhall' -> [[Hammerhall]]
  'Wolfsberg' -> [[Wolfsberg]]
  'Grimhold' -> [[Grimhold]]
  'Stahlburg' -> [[Stahlburg]]
  'The Iron Fortress' -> [[Stahlburg|The Iron Fortress]]
  'The Crown Lands' -> [[The Crown Lands]]
  'The Karath Reach' -> [[The Karath Reach]]
  'The Northlands' -> [[The Northlands]]
  'Karath Reach' -> [[The Karath Reach|Karath Reach]]
  'the March' -> [[The Eastern March|the March]]
  'the Valdrens' -> [[House Valdren|the Valdrens]]
  'the Battle of Ashen Fields' -> [[The Battle of Ashen Fields|the Battle of Ashen Fields]]
  'the Great War' -> [[The Great War|the Great War]]
  'the Mad King' -> [[The Mad King|the Mad King]]
  'the Eastern March' -> [[The Eastern March|the Eastern March]]
  'the Valdrens' -> [[House Valdren|the Valdrens]]

[DRY RUN] Modified: Organizations\House Valdren.md (+43 links)
  'House Thorne' -> [[House Thorne]]
  'Porto Valdris' -> [[Porto Valdris]]
  'the Faith' -> [[The Faith of the Three|the Faith]]
  'The Boy King' -> [[Edric Valdren|The Boy King]]
  'the Faith' -> [[The Faith of the Three|the Faith]]
  'the Three' -> [[The Faith of the Three|the Three]]
  'Porto Valdris' -> [[Porto Valdris]]
  'the Thornes' -> [[House Thorne|the Thornes]]
  'House Thorne' -> [[House Thorne]]
  'Lady Margret Thorne' -> [[Lady Margret Thorne]]
  'Edric Valdren' -> [[Edric Valdren]]
  'Porto Valdris' -> [[Porto Valdris]]
  'the regent' -> [[Lord Varic Valdren|the regent]]
  'the Western Shore' -> [[The Western Shore|the Western Shore]]
  'Lord Varic Valdren' -> [[Lord Varic Valdren]]
  'Lady Margret Thorne' -> [[Lady Margret Thorne]]
  'the Mad King' -> [[The Mad King|the Mad King]]
  'The Great War' -> [[The Great War]]
  'The Merchant Prince' -> [[Lord Varic Valdren|The Merchant Prince]]
  'Porto Valdris' -> [[Porto Valdris]]
  'Captain Alonzo the Bold' -> [[Captain Alonzo the Bold]]
  'the Western Shore' -> [[The Western Shore|the Western Shore]]
  'Porto Valdris' -> [[Porto Valdris]]
  'Lord Varic Valdren' -> [[Lord Varic Valdren]]
  'The Karaths' -> [[House Karath|The Karaths]]
  'House Thorne' -> [[House Thorne]]
  'the Western Shore' -> [[The Western Shore|the Western Shore]]
  'The Regent' -> [[Lord Varic Valdren|The Regent]]
  'House Thorne' -> [[House Thorne]]
  'Captain Alonzo the Bold' -> [[Captain Alonzo the Bold]]
  'Porto Valdris' -> [[Porto Valdris]]
  'Lord Varic Valdren' -> [[Lord Varic Valdren]]
  'the Western Shore' -> [[The Western Shore|the Western Shore]]
  'Serenzia' -> [[Serenzia]]
  'Marevento' -> [[Marevento]]
  'Porto Valdris' -> [[Porto Valdris]]
  'The Crown Lands' -> [[The Crown Lands]]
  'The Northlands' -> [[The Northlands]]
  'House Thorne' -> [[House Thorne]]
  'The Crown Lands' -> [[The Crown Lands]]
  'Porto Valdris' -> [[Porto Valdris]]
  'the Western Shore' -> [[The Western Shore|the Western Shore]]
  'the power' -> [[Magic of Eldermyr|the power]]

[DRY RUN] Modified: Organizations\The Arcane Academy.md (+35 links)
  'The Archmagister' -> [[Archmagister Corwin Ashford|The Archmagister]]
  'the Archmagister' -> [[Archmagister Corwin Ashford|the Archmagister]]
  'the Ashen Fields' -> [[The Ashen Fields|the Ashen Fields]]
  'The Mad King' -> [[The Mad King]]
  'the Faith' -> [[The Faith of the Three|the Faith]]
  'The Archmagister' -> [[Archmagister Corwin Ashford|The Archmagister]]
  'the Ashen Fields' -> [[The Ashen Fields|the Ashen Fields]]
  'House Thorne' -> [[House Thorne]]
  'House Valdren' -> [[House Valdren]]
  'The Archmagister' -> [[Archmagister Corwin Ashford|The Archmagister]]
  'The Great War' -> [[The Great War]]
  'The Mad King' -> [[The Mad King]]
  'The Faith' -> [[The Faith of the Three|The Faith]]
  'the Faith' -> [[The Faith of the Three|the Faith]]
  'the Archmagister' -> [[Archmagister Corwin Ashford|the Archmagister]]
  'Lord Varic Valdren' -> [[Lord Varic Valdren]]
  'the Three' -> [[The Faith of the Three|the Three]]
  'the Archmagister' -> [[Archmagister Corwin Ashford|the Archmagister]]
  'the capital' -> [[Aldersgate|the capital]]
  'The Mad King' -> [[The Mad King]]
  'King Aldric' -> [[High King Aldric II|King Aldric]]
  'the gift' -> [[Magic of Eldermyr|the gift]]
  'Aldersgate' -> [[Aldersgate]]
  'The Archmagister' -> [[Archmagister Corwin Ashford|The Archmagister]]
  'High Confessor Maren' -> [[High Confessor Maren]]
  'The Faith' -> [[The Faith of the Three|The Faith]]
  'Lord Varic Valdren' -> [[Lord Varic Valdren]]
  'the Regent' -> [[Lord Varic Valdren|the Regent]]
  'the Faith' -> [[The Faith of the Three|the Faith]]
  'The Archmagister' -> [[Archmagister Corwin Ashford|The Archmagister]]
  'the Faith' -> [[The Faith of the Three|the Faith]]
  'the capital' -> [[Aldersgate|the capital]]
  'the Faith of the Three' -> [[The Faith of the Three|the Faith of the Three]]
  'the gift' -> [[Magic of Eldermyr|the gift]]
  'Aldersgate' -> [[Aldersgate]]

[DRY RUN] Modified: Organizations\The Forgemasters Guild.md (+11 links)
  'the Faith' -> [[The Faith of the Three|the Faith]]
  'the March' -> [[The Eastern March|the March]]
  'Ser Konrad Thorne' -> [[Ser Konrad Thorne]]
  'House Thorne' -> [[House Thorne]]
  'House Thorne' -> [[House Thorne]]
  'House Thorne' -> [[House Thorne]]
  'Stahlburg' -> [[Stahlburg]]
  'Hammerhall' -> [[Hammerhall]]
  'House Thorne' -> [[House Thorne]]
  'Hammerhall' -> [[Hammerhall]]
  'the Eastern March' -> [[The Eastern March|the Eastern March]]

[DRY RUN] Modified: Organizations\The Grey Wardens.md (+44 links)
  'Greymane' -> [[Grandmaster Aldric Greymane|Greymane]]
  'The Grandmaster' -> [[Grandmaster Aldric Greymane|The Grandmaster]]
  'the Ashen Fields' -> [[The Ashen Fields|the Ashen Fields]]
  'the Ashen Fields' -> [[The Ashen Fields|the Ashen Fields]]
  'House Karath' -> [[House Karath]]
  'the Ashen Fields' -> [[The Ashen Fields|the Ashen Fields]]
  'Greymane' -> [[Grandmaster Aldric Greymane|Greymane]]
  'Greymane' -> [[Grandmaster Aldric Greymane|Greymane]]
  'the Faith' -> [[The Faith of the Three|the Faith]]
  'the Arcane Academy' -> [[The Arcane Academy|the Arcane Academy]]
  'the Ashen Fields' -> [[The Ashen Fields|the Ashen Fields]]
  'House Valdren' -> [[House Valdren]]
  'the capital' -> [[Aldersgate|the capital]]
  'Aldersgate' -> [[Aldersgate]]
  'the Ashen Fields' -> [[The Ashen Fields|the Ashen Fields]]
  'Greymane' -> [[Grandmaster Aldric Greymane|Greymane]]
  'the Ashen Fields' -> [[The Ashen Fields|the Ashen Fields]]
  'House Karath' -> [[House Karath]]
  'House Thorne' -> [[House Thorne]]
  'House Valdren' -> [[House Valdren]]
  'High Confessor Maren' -> [[High Confessor Maren]]
  'the Faith' -> [[The Faith of the Three|the Faith]]
  'the Faith' -> [[The Faith of the Three|the Faith]]
  'The Ashen Fields' -> [[The Ashen Fields]]
  'the Ashen Fields' -> [[The Ashen Fields|the Ashen Fields]]
  'The Figure' -> [[The Mad King|The Figure]]
  'Pepelishte' -> [[The Ashen Fields|Pepelishte]]
  'The Ashen Fields' -> [[The Ashen Fields]]
  'The Ashen Fields' -> [[The Ashen Fields]]
  'the Faith' -> [[The Faith of the Three|the Faith]]
  'the Three' -> [[The Faith of the Three|the Three]]
  'The Ashen Fields' -> [[The Ashen Fields]]
  'Aldersgate' -> [[Aldersgate]]
  'Greymane' -> [[Grandmaster Aldric Greymane|Greymane]]
  'Thornhall' -> [[Thornhall]]
  'the holy city' -> [[Thornhall|the holy city]]
  'The Ashen Fields' -> [[The Ashen Fields]]
  'First Watcher' -> [[Grandmaster Aldric Greymane|First Watcher]]
  'the Ashen Fields' -> [[The Ashen Fields|the Ashen Fields]]
  'the Faith' -> [[The Faith of the Three|the Faith]]
  'the Faith of the Three' -> [[The Faith of the Three|the Faith of the Three]]
  'the Ashen Fields' -> [[The Ashen Fields|the Ashen Fields]]
  'the Ashen Fields' -> [[The Ashen Fields|the Ashen Fields]]
  'the Three' -> [[The Faith of the Three|the Three]]

[DRY RUN] Modified: Organizations\The Spirit-Speakers.md (+21 links)
  'the Ashen Fields' -> [[The Ashen Fields|the Ashen Fields]]
  'the Ashen Fields' -> [[The Ashen Fields|the Ashen Fields]]
  'the Faith' -> [[The Faith of the Three|the Faith]]
  'the Ashen Fields' -> [[The Ashen Fields|the Ashen Fields]]
  'the thing beneath' -> [[The Unnamed|the thing beneath]]
  'The Unnamed' -> [[The Unnamed]]
  'the Three' -> [[The Faith of the Three|the Three]]
  'the Battle of Ashen Fields' -> [[The Battle of Ashen Fields|the Battle of Ashen Fields]]
  'the Northlands' -> [[The Northlands|the Northlands]]
  'The Faith' -> [[The Faith of the Three|The Faith]]
  'the Ashen Fields' -> [[The Ashen Fields|the Ashen Fields]]
  'Northlands' -> [[The Northlands|Northlands]]
  'The Faith' -> [[The Faith of the Three|The Faith]]
  'the Faith' -> [[The Faith of the Three|the Faith]]
  'The Faith of the Three' -> [[The Faith of the Three]]
  'the Faith' -> [[The Faith of the Three|the Faith]]
  'the Northlands' -> [[The Northlands|the Northlands]]
  'the Faith' -> [[The Faith of the Three|the Faith]]
  'the Faith' -> [[The Faith of the Three|the Faith]]
  'The Faith of the Three' -> [[The Faith of the Three]]
  'the Northlands' -> [[The Northlands|the Northlands]]

[DRY RUN] Modified: Settlements\Aldersgate.md (+23 links)
  'Young Edric' -> [[Edric Valdren|Young Edric]]
  'The Boy King' -> [[Edric Valdren|The Boy King]]
  'House Valdren' -> [[House Valdren]]
  'young Edric' -> [[Edric Valdren|young Edric]]
  'the regent' -> [[Lord Varic Valdren|the regent]]
  'the regent' -> [[Lord Varic Valdren|the regent]]
  'Edric Valdren' -> [[Edric Valdren]]
  'Lord Varic Valdren' -> [[Lord Varic Valdren]]
  'Edric Valdren' -> [[Edric Valdren]]
  'the Mad King' -> [[The Mad King|the Mad King]]
  'the Great War' -> [[The Great War|the Great War]]
  'King Aldric' -> [[High King Aldric II|King Aldric]]
  'the regent' -> [[Lord Varic Valdren|the regent]]
  'The three' -> [[The Faith of the Three|The three]]
  'House Thorne' -> [[House Thorne]]
  'High Confessor Maren' -> [[High Confessor Maren]]
  'The Faith' -> [[The Faith of the Three|The Faith]]
  'young Edric' -> [[Edric Valdren|young Edric]]
  'the Faith' -> [[The Faith of the Three|the Faith]]
  'young Edric' -> [[Edric Valdren|young Edric]]
  'The regent' -> [[Lord Varic Valdren|The regent]]
  'The Crown Lands' -> [[The Crown Lands]]
  'the Crown Lands' -> [[The Crown Lands|the Crown Lands]]

[DRY RUN] Modified: Settlements\Chernogrod.md (+27 links)
  'the Ashen Fields' -> [[The Ashen Fields|the Ashen Fields]]
  'the Ashen Fields' -> [[The Ashen Fields|the Ashen Fields]]
  'Lord Varic Valdren' -> [[Lord Varic Valdren]]
  'Porto Valdris' -> [[Porto Valdris]]
  'The Faith' -> [[The Faith of the Three|The Faith]]
  'Aleksei Karath' -> [[Aleksei Karath]]
  'the Watcher's Eye' -> [[Yelena Karath|the Watcher's Eye]]
  'Yelena Karath' -> [[Yelena Karath]]
  'Lord Draven Karath' -> [[Lord Draven Karath]]
  'the Great War' -> [[The Great War|the Great War]]
  'House Karath' -> [[House Karath]]
  'the Karath Reach' -> [[The Karath Reach|the Karath Reach]]
  'the Three' -> [[The Faith of the Three|the Three]]
  'the Three' -> [[The Faith of the Three|the Three]]
  'the Faith' -> [[The Faith of the Three|the Faith]]
  'the Three' -> [[The Faith of the Three|the Three]]
  'The Faith' -> [[The Faith of the Three|The Faith]]
  'House Karath' -> [[House Karath]]
  'the Ashen Fields' -> [[The Ashen Fields|the Ashen Fields]]
  'House Karath' -> [[House Karath]]
  'the Reach' -> [[The Karath Reach|the Reach]]
  'the Great War' -> [[The Great War|the Great War]]
  'House Karath' -> [[House Karath]]
  'House Karath' -> [[House Karath]]
  'the Ashen Fields' -> [[The Ashen Fields|the Ashen Fields]]
  'the Ashen Fields' -> [[The Ashen Fields|the Ashen Fields]]
  'the Ashen Fields' -> [[The Ashen Fields|the Ashen Fields]]

[DRY RUN] Modified: Settlements\Crossford.md (+14 links)
  'the Ashen Fields' -> [[The Ashen Fields|the Ashen Fields]]
  'the Karath Reach' -> [[The Karath Reach|the Karath Reach]]
  'House Valdren' -> [[House Valdren]]
  'the Ashen Fields' -> [[The Ashen Fields|the Ashen Fields]]
  'the Great War' -> [[The Great War|the Great War]]
  'the Karath Reach' -> [[The Karath Reach|the Karath Reach]]
  'the North' -> [[The Northlands|the North]]
  'the Crown Lands' -> [[The Crown Lands|the Crown Lands]]
  'the Karath Reach' -> [[The Karath Reach|the Karath Reach]]
  'Chernogrod' -> [[Chernogrod]]
  'the Northlands' -> [[The Northlands|the Northlands]]
  'Aldersgate' -> [[Aldersgate]]
  'Porto Valdris' -> [[Porto Valdris]]
  'Stahlburg' -> [[Stahlburg]]

[DRY RUN] Modified: Settlements\Grimhold.md (+5 links)
  'Stahlburg' -> [[Stahlburg]]
  'the Northlands' -> [[The Northlands|the Northlands]]
  'Stahlburg' -> [[Stahlburg]]
  'the Northlands' -> [[The Northlands|the Northlands]]
  'the Eastern March' -> [[The Eastern March|the Eastern March]]

[DRY RUN] Modified: Settlements\Hammerhall.md (+9 links)
  'Aldersgate' -> [[Aldersgate]]
  'House Thorne' -> [[House Thorne]]
  'The Faith' -> [[The Faith of the Three|The Faith]]
  'Grimhild's Commission' -> [[Grimhild's Commission]]
  'the Three' -> [[The Faith of the Three|the Three]]
  'Grimhild the Smith' -> [[Grimhild the Smith]]
  'House Thorne' -> [[House Thorne]]
  'The Forgemasters Guild' -> [[The Forgemasters Guild]]
  'The Forgemasters Guild' -> [[The Forgemasters Guild]]

[DRY RUN] Modified: Settlements\Marevento.md (+7 links)
  'The Valdrens' -> [[House Valdren|The Valdrens]]
  'House Valdren' -> [[House Valdren]]
  'Captain Alonzo the Bold' -> [[Captain Alonzo the Bold]]
  'Alonzo Marinetti' -> [[Captain Alonzo the Bold|Alonzo Marinetti]]
  'the coast' -> [[The Western Shore|the coast]]
  'Porto Valdris' -> [[Porto Valdris]]
  'the Western Shore' -> [[The Western Shore|the Western Shore]]

[DRY RUN] Modified: Settlements\Porto Valdris.md (+29 links)
  'The Faith' -> [[The Faith of the Three|The Faith]]
  'the Karaths' -> [[House Karath|the Karaths]]
  'the Faith' -> [[The Faith of the Three|the Faith]]
  'House Thorne' -> [[House Thorne]]
  'House Valdren' -> [[House Valdren]]
  'the Faith' -> [[The Faith of the Three|the Faith]]
  'the Three' -> [[The Faith of the Three|the Three]]
  'House Valdren' -> [[House Valdren]]
  'the Faith' -> [[The Faith of the Three|the Faith]]
  'House Valdren' -> [[House Valdren]]
  'Captain Alonzo the Bold' -> [[Captain Alonzo the Bold]]
  'the Valdrens' -> [[House Valdren|the Valdrens]]
  'Aldersgate' -> [[Aldersgate]]
  'The Faith' -> [[The Faith of the Three|The Faith]]
  'House Valdren' -> [[House Valdren]]
  'the Valdrens' -> [[House Valdren|the Valdrens]]
  'the Faith' -> [[The Faith of the Three|the Faith]]
  'House Valdren' -> [[House Valdren]]
  'Stahlburg' -> [[Stahlburg]]
  'Aldersgate' -> [[Aldersgate]]
  'The Valdrens' -> [[House Valdren|The Valdrens]]
  'The Valdrens' -> [[House Valdren|The Valdrens]]
  'House Valdren' -> [[House Valdren]]
  'Marevento' -> [[Marevento]]
  'the Crown Lands' -> [[The Crown Lands|the Crown Lands]]
  'the Valdrens' -> [[House Valdren|the Valdrens]]
  'House Valdren' -> [[House Valdren]]
  'House Valdren' -> [[House Valdren]]
  'the north' -> [[The Northlands|the north]]

[DRY RUN] Modified: Settlements\Serenzia.md (+6 links)
  'the Academy' -> [[The Arcane Academy|the Academy]]
  'The Academy' -> [[The Arcane Academy|The Academy]]
  'The Academy' -> [[The Arcane Academy|The Academy]]
  'the coast' -> [[The Western Shore|the coast]]
  'Porto Valdris' -> [[Porto Valdris]]
  'the Western Shore' -> [[The Western Shore|the Western Shore]]

[DRY RUN] Modified: Settlements\Stahlburg.md (+18 links)
  'the March' -> [[The Eastern March|the March]]
  'House Thorne' -> [[House Thorne]]
  'House Valdren' -> [[House Valdren]]
  'the Thornes' -> [[House Thorne|the Thornes]]
  'the March' -> [[The Eastern March|the March]]
  'the March' -> [[The Eastern March|the March]]
  'the Forgemasters Guild' -> [[The Forgemasters Guild|the Forgemasters Guild]]
  'House Thorne' -> [[House Thorne]]
  'the Three' -> [[The Faith of the Three|the Three]]
  'Grimhild the Smith' -> [[Grimhild the Smith]]
  'the March' -> [[The Eastern March|the March]]
  'The Iron Lady' -> [[Lady Margret Thorne|The Iron Lady]]
  'Lady Margret Thorne' -> [[Lady Margret Thorne]]
  'the Crown Lands' -> [[The Crown Lands|the Crown Lands]]
  'the Three' -> [[The Faith of the Three|the Three]]
  'the March' -> [[The Eastern March|the March]]
  'the March' -> [[The Eastern March|the March]]
  'House Thorne' -> [[House Thorne]]

[DRY RUN] Modified: Settlements\Thornhall.md (+42 links)
  'the Faith' -> [[The Faith of the Three|the Faith]]
  'Greymane' -> [[Grandmaster Aldric Greymane|Greymane]]
  'The Grey Wardens' -> [[The Grey Wardens]]
  'the Three' -> [[The Faith of the Three|the Three]]
  'the Faith' -> [[The Faith of the Three|the Faith]]
  'the Three' -> [[The Faith of the Three|the Three]]
  'the Faith' -> [[The Faith of the Three|the Faith]]
  'the Three' -> [[The Faith of the Three|the Three]]
  'the Faith' -> [[The Faith of the Three|the Faith]]
  'The Faith' -> [[The Faith of the Three|The Faith]]
  'the Grey Wardens' -> [[The Grey Wardens|the Grey Wardens]]
  'The Grey Wardens' -> [[The Grey Wardens]]
  'The Grey Wardens' -> [[The Grey Wardens]]
  'the Faith' -> [[The Faith of the Three|the Faith]]
  'the Faith' -> [[The Faith of the Three|the Faith]]
  'the Ashen Fields' -> [[The Ashen Fields|the Ashen Fields]]
  'Grandmaster Aldric Greymane' -> [[Grandmaster Aldric Greymane]]
  'High Confessor Maren' -> [[High Confessor Maren]]
  'the Three' -> [[The Faith of the Three|the Three]]
  'the Faith' -> [[The Faith of the Three|the Faith]]
  'the Faith' -> [[The Faith of the Three|the Faith]]
  'the Ashen Fields' -> [[The Ashen Fields|the Ashen Fields]]
  'the Three' -> [[The Faith of the Three|the Three]]
  'the Three' -> [[The Faith of the Three|the Three]]
  'the Three' -> [[The Faith of the Three|the Three]]
  'the Three' -> [[The Faith of the Three|the Three]]
  'the Faith' -> [[The Faith of the Three|the Faith]]
  'The Three' -> [[The Faith of the Three|The Three]]
  'the Faith' -> [[The Faith of the Three|the Faith]]
  'The Faith of the Three' -> [[The Faith of the Three]]
  'the Three' -> [[The Faith of the Three|the Three]]
  'the Faith' -> [[The Faith of the Three|the Faith]]
  'The Three' -> [[The Faith of the Three|The Three]]
  'the Crown Lands' -> [[The Crown Lands|the Crown Lands]]
  'the Grey Wardens' -> [[The Grey Wardens|the Grey Wardens]]
  'the north' -> [[The Northlands|the north]]
  'the Three' -> [[The Faith of the Three|the Three]]
  'the Three' -> [[The Faith of the Three|the Three]]
  'Aldersgate' -> [[Aldersgate]]
  'the Crown Lands' -> [[The Crown Lands|the Crown Lands]]
  'The Grey Wardens' -> [[The Grey Wardens]]
  'the Three' -> [[The Faith of the Three|the Three]]

[DRY RUN] Modified: Settlements\Volkovka.md (+10 links)
  'Porto Valdris' -> [[Porto Valdris]]
  'the Ashen Fields' -> [[The Ashen Fields|the Ashen Fields]]
  'Chernogrod' -> [[Chernogrod]]
  'the Ashen Fields' -> [[The Ashen Fields|the Ashen Fields]]
  'Chernogrod' -> [[Chernogrod]]
  'the Karath Reach' -> [[The Karath Reach|the Karath Reach]]
  'the Ashen Fields' -> [[The Ashen Fields|the Ashen Fields]]
  'Chernogrod' -> [[Chernogrod]]
  'Chernogrod' -> [[Chernogrod]]
  'the Karath Reach' -> [[The Karath Reach|the Karath Reach]]

[DRY RUN] Modified: Settlements\Wolfsberg.md (+7 links)
  'the Academy' -> [[The Arcane Academy|the Academy]]
  'The Academy' -> [[The Arcane Academy|The Academy]]
  'the March' -> [[The Eastern March|the March]]
  'Hammerhall' -> [[Hammerhall]]
  'the March' -> [[The Eastern March|the March]]
  'House Thorne' -> [[House Thorne]]
  'the Eastern March' -> [[The Eastern March|the Eastern March]]

[DRY RUN] Modified: World Overview.md (+104 links)
  'The Mad King' -> [[The Mad King]]
  'the Ashen Fields' -> [[The Ashen Fields|the Ashen Fields]]
  'House Karath' -> [[House Karath]]
  'House Thorne' -> [[House Thorne]]
  'Lord Varic Valdren' -> [[Lord Varic Valdren]]
  'High King Aldric II' -> [[High King Aldric II]]
  'the Steward' -> [[High King Aldric II|the Steward]]
  'the Mad King' -> [[The Mad King|the Mad King]]
  'the Mad King' -> [[The Mad King|the Mad King]]
  'The Mad King' -> [[The Mad King]]
  'The March' -> [[The Eastern March|The March]]
  'House Thorne' -> [[House Thorne]]
  'Stahlburg' -> [[Stahlburg]]
  'the Mad King' -> [[The Mad King|the Mad King]]
  'the Faith' -> [[The Faith of the Three|the Faith]]
  'House Karath' -> [[House Karath]]
  'the Mad King' -> [[The Mad King|the Mad King]]
  'The Great War' -> [[The Great War]]
  'the Mad King' -> [[The Mad King|the Mad King]]
  'King Aldric' -> [[High King Aldric II|King Aldric]]
  'The Crown Lands' -> [[The Crown Lands]]
  'The Western Shore' -> [[The Western Shore]]
  'The Eastern March' -> [[The Eastern March]]
  'The Faith of the Three' -> [[The Faith of the Three]]
  'The Faith of the Three' -> [[The Faith of the Three]]
  'the Great War' -> [[The Great War|the Great War]]
  'The Mad King' -> [[The Mad King]]
  'The Three' -> [[The Faith of the Three|The Three]]
  'High Confessor Maren' -> [[High Confessor Maren]]
  'Lord Draven Karath' -> [[Lord Draven Karath]]
  'Lady Margret Thorne' -> [[Lady Margret Thorne]]
  'Lord Varic Valdren' -> [[Lord Varic Valdren]]
  'House Thorne' -> [[House Thorne]]
  'Serenzia' -> [[Serenzia]]
  'Marevento' -> [[Marevento]]
  'Porto Valdris' -> [[Porto Valdris]]
  'Crossford' -> [[Crossford]]
  'Chernogrod' -> [[Chernogrod]]
  'Crown Lands' -> [[The Crown Lands|Crown Lands]]
  'Aldersgate' -> [[Aldersgate]]
  'Stahlburg' -> [[Stahlburg]]
  'Porto Valdris' -> [[Porto Valdris]]
  'Aldersgate' -> [[Aldersgate]]
  'Eastern March' -> [[The Eastern March|Eastern March]]
  'Crown Lands' -> [[The Crown Lands|Crown Lands]]
  'the Northlands' -> [[The Northlands|the Northlands]]
  'Karath Reach' -> [[The Karath Reach|Karath Reach]]
  'the Ashen Fields' -> [[The Ashen Fields|the Ashen Fields]]
  'Karath Reach' -> [[The Karath Reach|Karath Reach]]
  'Thorne lands' -> [[The Eastern March|Thorne lands]]
  'Porto Valdris' -> [[Porto Valdris]]
  'Crown Lands' -> [[The Crown Lands|Crown Lands]]
  'Aldersgate' -> [[Aldersgate]]
  'Crown Lands' -> [[The Crown Lands|Crown Lands]]
  'Pepelishte' -> [[The Ashen Fields|Pepelishte]]
  'The Black City' -> [[Chernogrod|The Black City]]
  'Karath Reach' -> [[The Karath Reach|Karath Reach]]
  'Northlands' -> [[The Northlands|Northlands]]
  'the coast' -> [[The Western Shore|the coast]]
  'Western Shore' -> [[The Western Shore|Western Shore]]
  'House Thorne' -> [[House Thorne]]
  'Eastern March' -> [[The Eastern March|Eastern March]]
  'The holy city' -> [[Thornhall|The holy city]]
  'The capital' -> [[Aldersgate|The capital]]
  'Crown Lands' -> [[The Crown Lands|Crown Lands]]
  'Pepelishte' -> [[The Ashen Fields|Pepelishte]]
  'Chernogrod' -> [[Chernogrod]]
  'Karath Reach' -> [[The Karath Reach|Karath Reach]]
  'Northlands' -> [[The Northlands|Northlands]]
  'Marevento' -> [[Marevento]]
  'Serenzia' -> [[Serenzia]]
  'Porto Valdris' -> [[Porto Valdris]]
  'Western Shore' -> [[The Western Shore|Western Shore]]
  'Grimhold' -> [[Grimhold]]
  'Stahlburg' -> [[Stahlburg]]
  'Eastern March' -> [[The Eastern March|Eastern March]]
  'Crossford' -> [[Crossford]]
  'Aldersgate' -> [[Aldersgate]]
  'Crown Lands' -> [[The Crown Lands|Crown Lands]]
  'the Ashen Fields' -> [[The Ashen Fields|the Ashen Fields]]
  'the north' -> [[The Northlands|the north]]
  'the Ashen Fields' -> [[The Ashen Fields|the Ashen Fields]]
  'Spirit-Speakers' -> [[The Spirit-Speakers|Spirit-Speakers]]
  'the scarred lands' -> [[The Karath Reach|the scarred lands]]
  'the Mad King' -> [[The Mad King|the Mad King]]
  'the Great War' -> [[The Great War|the Great War]]
  'the Ashen Fields' -> [[The Ashen Fields|the Ashen Fields]]
  'High Confessor Maren' -> [[High Confessor Maren]]
  'the scarred lands' -> [[The Karath Reach|the scarred lands]]
  'the Mad King' -> [[The Mad King|the Mad King]]
  'Lord Draven Karath' -> [[Lord Draven Karath]]
  'House Karath' -> [[House Karath]]
  'the Mad King' -> [[The Mad King|the Mad King]]
  'the Great War' -> [[The Great War|the Great War]]
  'Lady Margret Thorne' -> [[Lady Margret Thorne]]
  'Lord Varic Valdren' -> [[Lord Varic Valdren]]
  'High King Aldric II' -> [[High King Aldric II]]
  'The Mad King' -> [[The Mad King]]
  'the scarred lands' -> [[The Karath Reach|the scarred lands]]
  'the Steward' -> [[High King Aldric II|the Steward]]
  'the Mad King' -> [[The Mad King|the Mad King]]
  'King Aldric' -> [[High King Aldric II|King Aldric]]
  'the scarred lands' -> [[The Karath Reach|the scarred lands]]
  'The Great War' -> [[The Great War]]


==================================================
[DRY RUN] LINKIFY COMPLETE: Eldermyr
==================================================
Files scanned:  54
Files modified: 54
Links added:    1576

This was a dry run. No files were modified.
Run without --dry-run to apply changes.
